customer_id,customer_unique_id,customer_zip_code_prefix,customer_city,customer_state
00012a2ce6f8dcda20d059ce98491703,248ffe10d632bebe4f7267f1f44844c9,6273,osasco,SP
000161a058600d5901f007fab4c27140,b0015e09bb4b6e47c52844fab5fb6638,35550,itapecerica,MG
0001fd6190edaaf884bcaf3d49edf079,94b11d37cd61cb2994a194d11f89682b,29830,"nova venecia",ES
0002414f95344307404f0ace7a26f1d5,4893ad4ea28b2c5b3ddf4e82e79db9e6,39664,mendonca,MG
000379cdec625522490c315e70c7a9fb,0b83f73b19c2019e182fd552c048a22c,4841,"sao paulo",SP
0004164d20a9e969af783496f3408652,104bdb7e6a6cdceaa88c3ea5fa6b2b93,13272,valinhos,SP
000419c5494106c306a97b5635748086,14843983d4a159080f6afe4b7f346e7c,24220,niteroi,RJ
00046a560d407e99b969756e0b10f282,0b5295fc9819d831f68eb0e9a3e13ab7,20540,"rio de janeiro",RJ
00050bf6e01e69d5c0fd612f1bcfb69c,e3cf594a99e810f58af53ed4820f25e5,98700,ijui,RS
000598caf2ef4117407665ac33275130,7e0516b486e92ed3f3afdd6d1276cfbd,35540,oliveira,MG
0005aefbb696d34b3424dccd0a0e9fd0,616309b2eeb7bd9c05b0fdfbab28e6c6,3052,"sao paulo",SP
00062b33cb9f6fe976afdcff967ea74d,f90f55ee274a4ae21510b386134b09cd,2306,"sao paulo",SP
00066ccbe787a588c52bd5ff404590e3,15090f48004f3b0fc18a167ef82af4db,93525,"novo hamburgo",RS
00072d033fe2e59061ae5c3aff1a2be5,b7c13491fd2aecd9308c75bb4de979d8,45026,"vitoria da conquista",BA
0009a69b72033b2d0ec8c69fc70ef768,fa30145b07cad8e972bea351a65216f4,13106,campinas,SP
000bf8121c3412d3057d32371c5d3395,1bc9b2dad6aefbfbc011508e34c8adfc,12335,jacarei,SP
000e943451fc2788ca6ac98a682f2f49,d73c3cf4a0922ece1176bd40eb76ac50,99460,colorado,RS
000f17e290c26b28549908a04cfe36c1,74541fbb7526dabecd0fc96b1192b9a7,98400,"frederico westphalen",RS
000fd45d6fedae68fc6676036610f879,cee6fa72fb403ef9554b41581108084b,12970,piracaia,SP
0010068a73b7c56da5758c3f9e5c7375,03dabd77cb0ed7a26fafe19e36b67742,63680,parambu,CE
001028b78fd413e19704b3867c369d3a,e57a935f49ffd73b93c18eaaa04efa84,5387,"sao paulo",SP
00104a47c29da701ce41ee52077587d9,655f4f1277487bf6c86c673de5e576a1,38400,uberlandia,MG
001051abfcfdbed9f87b4266213a5df1,4ea5df5937187bd3176aee08d4782104,2251,"sao paulo",SP
00114026c1b7b52ab1773f317ef4880b,f4dc0a81a11d3d270ccf5a9c4b5b187b,22470,"rio de janeiro",RJ
001226b2341ef620415ce7bbafcfac28,e7897290aea0805ab175017e3f60c3e7,90470,"porto alegre",RS
0012a5c13793cf51e253f096a7e740dd,48efc7def11f9a644e1993a3d97361d2,20011,"rio de janeiro",RJ
0013280441d86a4f7a8006efdaf1b0fe,06caeba6db23a17bf9bcb3846b768387,5409,"sao paulo",SP
0013cd8e350a7cc76873441e431dd5ee,334fed5abcee3aa96c13f1432703e1fd,3585,"sao paulo",SP
001450ebb4a77efb3d68be5f7887cb1e,61f5df1a634167ff48d76d79d21226de,18150,ibiuna,SP
00146ad30454993879adaa91c518f68c,5616f75d22507069b5383854a1d8c414,31060,"belo horizonte",MG
00155f0530cc7b2bf73cc3f81cb01c52,533b3a42bf5005c302539e093b445d3d,13042,campinas,SP
001574cd5824c0b1ea90dd4f4ba6d5b8,8141dd1e051afe7d72079570fe72d5f1,8248,"sao paulo",SP
0015bc9fd2d5395446143e8b215d7c75,490c854539b21598cfbbac518ca25788,12233,"sao jose dos campos",SP
0015f7887e2fde13ddaa7b8e385af919,866c923cde750dfc8cfbcf9d5ced0ee4,25903,mage,RJ
0017a0b4c1f1bdb9c395fa0ac517109c,e36a621e869b643b15983fa8085eb541,81510,curitiba,PR
0018c09f333634ca9c80d9ff46e43e9c,688bb6776d5f885e4b46d4c4bac240c2,9190,"santo andre",SP
0018f7fde63ca77254dbc47f4ea358b2,392c8818b71b14227a7c701e7d54a3a1,13635,pirassununga,SP
0019c9aaad15b043c48f0a1180f22ce8,4662682dade3cc1bfa04996c5225a849,4141,"sao paulo",SP
001a57041f56400917a187dd74e6cbc1,163b27a06a32c2fa565927170b59b5d4,2512,"sao paulo",SP
001b4e9b73aa98a6276b241bfd496822,b6d2145b6b5de5dcc494c151af5fdce9,11436,guaruja,SP
001c7f05398c45b42eee0d5a77783bca,ba7ae7b528a2b8359ff63e3014da964c,6719,cotia,SP
001df1ee5c36767aa607001ab1a13a06,46b44ab325f78e5bb3dc0bbef1082082,1030,"sao paulo",SP
001f150aebb5d897f2059b0460c38449,0f88eb431888ffb9d726252b7ac8cefe,79031,"campo grande",MS
001f35d9f262c558fd065346fbf5801d,ed5340f0e2a52fffa065298aeb875e60,21011,"rio de janeiro",RJ
001f6f1a5e902ad14e1f709a7215de11,c6b7dcd3718d1ad87f069d32a8566ce2,12460,"campos do jordao",SP
00205ad9ba1ef4340cef86583294cf82,28a4a9aa9bd3640e1f9a9cf542cb25fd,58090,"joao pessoa",PB
002236c4f333bc8df6a5939749eb7869,dbedaa0402e0dfa8b90fb9557424c5fc,12330,jacarei,SP
002348c1099e3229276c8ad7d4ddc702,934c19eeef04da89928f995df85cf3f8,13295,itupeva,SP
002408f390f729598bbac1ef9421c6ae,589621a1ce8b9302b75d6920dfd7dd01,89188,agronomica,SC
002450e9ea44cb90b8a07ba0b197e149,5e718c3c3061694c7b7e31d183f88a45,35145,sobralia,MG
002554bdf9eb99618d8189c3a89fdd52,8b57ae2e81c35f05e114c1461ae84b6c,89804,chapeco,SC
0026955706fd4e2fa997f3f4c18d485a,47b6bc410befb9fa30a4c029dba944e5,2926,"sao paulo",SP
0026d252429f669d454d726e5e956aa1,6cd042e0832c40d2eebf82b2521a8487,13860,aguai,SP
002834b4d901534f48d9e9a72047b288,4c41d73f1d29f1cd1e725ec445a82f23,8940,biritiba-mirim,SP
0028ff36263a86bf679df7c863a0a0ba,0659763dba9821af49728668716e1084,28895,"rio das ostras",RJ
002905287304e28c0218389269b4759b,8bc183d9b9efac18f96f680940191c45,37578,"bueno brandao",MG
002937abdae13680e17dccd3868b4825,b6a3c8559ca50f11853e81dcc7674f2f,45530,itacare,BA
0029cdf064769cabdf3186b54d068c99,74c286ab8cc161142213780711964b06,3183,"sao paulo",SP
002a10e899b62a460b0116e0b68697ad,660e4e077b40d477e2ffdb2da6349b79,18650,"sao manuel",SP
002b24cb2cd0c3e575040dbd278885e3,f422964d43fc7ecdc3e51443af0705f9,79117,"campo grande",MS
002b5342c72978cf0aba6aae1f5d5293,76e5f3bca2b1f5c510c41563c2ea31a4,22775,"rio de janeiro",RJ
002c625393dfa194828b462a6ef8cb0b,46a19a5b29624c9be39b41ab02b12b39,58102,cabedelo,PB
002ce108ccf0356ef5c8b1dce3c0ae29,e6ad2d9078cb28e4ac6ecef8432e74c7,2728,"sao paulo",SP
002d358e2462f87678443706cbf2eb21,5a77d3e9231351d3a4ea54c3fe824e79,5171,"sao paulo",SP
002d597546b2cf44428232c9f237f873,539b6ae3b5f2999db7e44c8d4dc2069f,13208,jundiai,SP
002ebb669a34b9e79c88efc755e95322,97258e1c1f77f32358eccd1c9ee5954d,28895,"rio das ostras",RJ
002ef7e55600d44ead53f7c1644e5222,6e9b8e9f9c3fad22d6f81b2628750018,36016,"juiz de fora",MG
002f067b028a3643ad3a0969c7a0f3dc,de94076bba3c66ffaaa867d14a663cbe,81880,curitiba,PR
002f90a6eb386bc43bc9ba200db31a89,bd3001c423ef9a9092b0a5158f1ccdf6,4929,"sao paulo",SP
002fb8fc5ce64f8422fa2fe79986c783,c209709f857255c80d07a0be8c630b0d,9781,"sao bernardo do campo",SP
002ff70a5285669011090c077ef929af,9bca65d60b3dffad98eafa3c50101fad,80730,curitiba,PR
00302a0b99783c3d1d1e81c616e321e8,1b9872e035e88fc720548cc74a815a46,22210,"rio de janeiro",RJ
0030aded3a67b29946a128ee8468388e,a961e198a1d400e99c02e8f4520f763c,8450,"sao paulo",SP
0030fbb95fbe7e61f798a80edb01a8e9,cd3f977fbad60553fce0f193593802bb,14071,"ribeirao preto",SP
00314f95a054231742e3c5396b333b88,aaf46bd4e1ad43275a5a20bd485e7661,11440,guaruja,SP
003177b3eeca50af17750f53802c9a09,20681391edaed7eccd918d4a74f8a570,58052,"joao pessoa",PB
0031abfb953b66e998f67b09e7b11375,431af5c5638973ed6e431618f318a0a2,84040,"ponta grossa",PR
0031c1062edf836ef7a7a7ea758b137b,c087e490266509059177cb1ec7d802ba,24808,itaborai,RJ
00330644cccc5db0276fa836976306fe,385ec0e1c5bcf488115ca06b26ec9f8b,20021,"rio de janeiro",RJ
00331de1659c7f4fb660c8810e6de3f5,e1d387b30e693029c1e3d9ffe5df61e0,93800,sapiranga,RS
0033823ee55671ac5317d423291333c2,95a3ac562ffc17755618fb67ce57ef9a,95041,"caxias do sul",RS
0034f7933de3ead6bd9ba49afe95f119,5b540c6a8886384d1772215e6a189804,79621,"tres lagoas",MS
003536ce5e18f1d12b9bf76932f8a6b1,bacd3fc37792ceefcb45e0e90c9ffe42,3040,"sao paulo",SP
0035b30e58c620fa2bd30275ddd4f7ef,422ce018570adf9fa031a7838717be81,24342,niteroi,RJ
0036875772a8eeb391b8cd7226283fdd,a73c5464692d3bc09d64e3edefae9015,9270,"santo andre",SP
0037d14e53af1d555a582504a4058f4c,442bdd695caba6183fc44d6cfdd4f094,5857,"sao paulo",SP
00380c010de38d578d02117f6d0b88e7,32ea836b21bcefba824d2b279bc42e53,85420,corbelia,PR
0039b3e41ac6615814a0b44a8992bff5,e2c44993145bac31c5c48b620e3f40f0,26562,mesquita,RJ
003a75d228dc67cb2918e40c2aacc4bf,2c66c0b1075c04c7f6e113de9e3a89d9,84035,"ponta grossa",PR
003b595c764773e20e0949b6fba7b1dc,6d55b4560e6c8ec28f8ba8099b442400,18305,"capao bonito",SP
003bc8d06ebed9d146eb9f100d0a89ae,b53bb01fd133da16d7c7d9b602a3aac7,60175,fortaleza,CE
003bdf7fd8312f9d14a4b979f3747334,12d1cda209613cd60b9d242181be7077,3813,"sao paulo",SP
003c7cadba4f182b9f22d7d5ea7a5003,6279364f420b1e08eb33a498db5fa6bc,3981,"sao paulo",SP
003cb2c7ce25d8af8556fb456f903546,00e872ca2fc94e59982286e69f186e0e,41200,salvador,BA
003cbe6a43560a8b6fd2c07531257c2d,f9d4a283e4f19a47b64f95a3235d0a5c,88200,tijucas,SC
003e45472805afa1ee701d83284fa22b,28e2041c0f17e12da80a0146305c9259,90670,"porto alegre",RS
003eab528664e1bd677218ef4be086ac,6f8b40e5fdbd4a4b4dbaadc56f4bf681,21041,"rio de janeiro",RJ
003ec17a1389fa302f3a0423dddd8650,1b6e96ed99cb8d135efe220d761bbd67,13190,"monte mor",SP
003f7d92ac63c512bb6584219806f8df,0125fb08af5c9dd55731090aafc63ac8,4310,"sao paulo",SP
0040a8417928d0d5abd5169cd7877181,96e147852028a3ce1d25c86f03032023,12288,cacapava,SP
0040b00970e2139e8c43b647c0da5305,8dfb9fff0eac6a63f34ed7707068e988,12942,atibaia,SP
00411811e3b661e746a6e1ce1f0878ab,6dade60d28a0f5b8ae7e8d67321b4141,31260,"belo horizonte",MG
0041d7b768cb115092fa0f5d55638d06,a2acf58dde7a492ea0fa65b16c530a78,32604,betim,MG
00426311a53f3c052943c88b692a3be2,aed838b04abeb2fb94566d0a073bd718,4551,"sao paulo",SP
0042d04ee8231b36dcb29aac213f5db4,9e5f9798a71d8f5ec3020a5500d70430,84130,palmeira,PR
0043b0afd67fb3af74360d2893b9a530,8f20ece0099d6e5c22c1fd0c24a1e681,23085,"rio de janeiro",RJ
004440537b68545ca3c341d7279bc4c0,9dfcc502727549f99c9f73dbd28b35e9,3059,"sao paulo",SP
00447b6bd39c4a0f6366b05948f9e2e3,3c9e98b59c61b1ccdba1108eca8c61d4,87710,paranavai,PR
00459c4eb23e40414ca067d06fa303d4,96d0aa18ee946b81f6b78e07830194a2,78008,cuiaba,MT
0045ac1c0957bc92e109f71e4941fa49,7ad12bd39f33737cb4f634c8c44af118,5027,"sao paulo",SP
00474d2582fd72663036795b7ab8cfc1,7bf845014243c08bdcea071d6981303e,87600,"nova esperanca",PR
004937d0f9d6ce15c2830c00c2f482e5,a590fdd68e210fa5f42764a2493f6223,14870,jaboticabal,SP
00498d14e21c58ed2feb5d5feb4cd706,0a9854e7028c74302d0963fa56e77a18,38730,guimarania,MG
0049e8442c2a3e4a8d1ff5a9549abd53,df1710893e1797d2c3d83b8840ddb0e4,11250,bertioga,SP
004a2b3e8b026284407c620f4f01f686,e90a1b194724309bbaa6228c398d1748,78795,"pedra preta",MT
004d41e9bf012c669db1a257888d85a2,5e35d686648f9f99fd1f90161d3db93c,66087,belem,PA
004df18653e9438571e9d294776a5c5c,33e824e5fde35ad626278feba806c772,4623,"sao paulo",SP
004ee20df425002ed78553e1f50caa3e,b6f424d6007b27912d37816a7d74ffaf,19560,indiana,SP
004f39eb181d53fa796fe82ce7a0cbd5,aa5824451a9437648ed4dcdac530566d,8775,"mogi das cruzes",SP
00502500a53243e07961383bf1a6fa82,bace01b0aa7c98f2a7fce9db19555eb9,5894,"sao paulo",SP
005092c23e81812fbbe11fc6cf7e5316,38827a4b81c4d81cffaec1accef6572c,8223,"sao paulo",SP
0050b4dd994efa94b2cd3210e4cecf32,e5ab9d9cc98f8d5befc51f952a44c87b,37026,varginha,MG
0050ee32fbb93383fb0d9e3d8ee89a07,0301e2b22f44b5a060987ecf49f8ada8,78400,diamantino,MT
0051337a96842850e1ec728dd158f4b3,d31233132950973bd0df88d4523ed465,89540,"santa cecilia",SC
005196c65bab2861e397cc85bc7664bf,fd03997c82649affc061d275ddf1f3d9,29162,serra,ES
00520034b873d2cdfe098fd0a634d03d,f02249d034341b86c6bf3dd4ccc2bd2c,9370,maua,SP
0054556ea954a76ad6f9c4ba79d34a98,3cc8e80baa86a7befe2b24568cd0faf0,95680,canela,RS
005460bea0518c7354f01adf10012184,6aaa688f88ee9cc7f9b90d5f7cca7d84,2066,"sao paulo",SP
0054f2f885ca69abcf4935c9506d7851,4f25ec76e8c86ded17aa0c58f236df0f,4863,"sao paulo",SP
005596395ca3acd0433fe7d6f95a028e,dff41d762e4e7b68b73af7203a429072,4564,"sao paulo",SP
0055e9b290953716739bd94a256a4144,8f6564e0a606d34b05edf1206e3b8bd7,45870,mascote,BA
0056a2580b5c68cfa6b43c6ef6adbc03,bfb0780e4148d65b5490d6195da4bcb0,40285,salvador,BA
00573ea7a2ac9dff51ac3d177cd6eaea,2a86852b89b186bb8aed750efd95ce73,1222,"sao paulo",SP
0057f8b7c332d630b992d6a8ca79748c,36fbd29c230b156ac9b04a382bb20842,5416,"sao paulo",SP
0058153a752ee674162564afb1191d25,da6c70612a3d7484427e8442ff96056c,13214,jundiai,SP
00581d55862aecc8cbc7d701a27bc285,f794c59a46dc4872d97d173c1b51525a,45818,trancoso,BA
0058ebe2dc136d918dd001968cfa5903,9e8993ba2665307b71bd1641c2e1cb3d,39495,montalvania,MG
005b65c9a6485aa1b7ac382dd87b018f,c836c92436fdcd6e5475ef442481385c,98130,"julio de castilhos",RS
005c36bfaa8710aaf61e4b1712ccd658,851f75e1a1ffe3612cde92428a7e9701,7401,aruja,SP
005c611fb96be942e75d22129c370268,4619eedf5b092b15ebc4d916f8c99646,59610,mossoro,RN
005e2fff255d3d69e6cfc8c4928d33a9,b33573ec19214ad9a1bc30a97938e450,20521,"rio de janeiro",RJ
00618f4116647066768ca73893989605,b2c9b1bf57d5e980f6ec3975c65e40ed,4157,"sao paulo",SP
0061937e85c708a41f5d5b24405d0f50,449cc26294cc2d6e2e88a82cea3e42c0,2315,"sao paulo",SP
00620f738107803e6c0f6818a7a3b7e3,d40aaaf342e2e82da754042ef4f0dcca,31130,"belo horizonte",MG
00624707c8556199de70cac1593e7088,c9aa56428d8b5bba23a9c7a435b09645,30666,"belo horizonte",MG
0062859a8f89e25c6b0e8dc905ccc59d,5cc1fbd02e6b7cd1113dd836fbbbcc13,64073,teresina,PI
0063913c2f1878cc471de963dc0571c4,3c4abb94aa82c0be6a86af95be2ca5bf,13178,sumare,SP
0063bdf3bf91260f76973a4af6f9199e,aaea7e9a2d2432c24a03eb74cc430c8a,81210,curitiba,PR
006431d77c665533ac99b501d8a6ab06,2666a61d9b5755651665549f80bb3450,12230,"sao jose dos campos",SP
006496598c918064dc19eef95e5e47f8,5705e410d27f391e55c6a495b06d1618,95095,"caxias do sul",RS
00650b839d32a071b1025af8ca26dd13,c573caf2e2c12c731885273e03dc5471,66055,belem,PA
00652f7a6e012d58f58fefd69d1a1ea4,e81d67dee583b417c53676f8926bd9cf,87010,maringa,PR
0065c96aca557c0919dd5cdee546f8b1,3bccb476c538a32e63766769dcc37f03,13040,campinas,SP
00660e817a39486a37c26b071d0741f8,587547bf360f33a6466aac68caecdde3,8010,"sao paulo",SP
0066d0530824a5e8044c71af62dea8d5,1bd843b2bc9b09595f3ed35d4f031506,71882,brasilia,DF
00674fe0f6a6f190bd022dbca99795dc,e6fe68d7c7867dac3659cb4a8e06880c,5791,"sao paulo",SP
006866a6f9ef10d3a85292859c4deae1,73b62c771f1f1e0760f88376d4a2b150,30626,"belo horizonte",MG
0068a2209e2c7631566539fef4331bf8,43f7616a8f37a874ee893f0dea3ba593,38550,coromandel,MG
0068b31b2dd799c334e7b6283333f84a,d7104510a89e6fb895b8104650173787,28610,"nova friburgo",RJ
00694a1bf2da47e37b2bd3193eeae839,be062ffc58427d6c959180b68a67471d,12241,"sao jose dos campos",SP
0069f43bfc018147f03b7a0f64fa00bd,7e7c1cf8c1a7ae4149f5a2fc2b1b65b4,95880,estrela,RS
006a5d6b5f648f3811fd4fa94d93a67c,52b088042a61c6a03ba2027a6dd929cc,14051,"ribeirao preto",SP
006b5498d9494c061f8c2f80a6c2f343,6b1070bfaad94d225e6cab57b47e2326,91360,"porto alegre",RS
006ba1709128094a7047a4fa349f9bc8,44a575d55982c95a7f09b62c7702bddc,18600,botucatu,SP
006d300ffcb82917c9866dd5a507dbe6,2ed2d94955614ec3262ce7575ef997f9,1552,"sao paulo",SP
006d7cf1f4f5fb1c805d2d7cacc8049d,1cdf413d3539b5e8c100bea1ec5a881f,13060,campinas,SP
006e0e7aa73b77bfcc0c4b2a3f3ab0cc,8f7822e4f4fb685c89d972cba79a8b9e,1209,"sao paulo",SP
006e35001c6c8c65ad4b20a8925d2b9f,77e0a2e2281e2a533eb62268371a4bc6,83420,"quatro barras",PR
006f0d8cda092921f2cd9159db212237,2cac9c1a43808ace14f1598744f4a28a,88802,criciuma,SC
006fffc5b0accd275de3e3a4b6d0832d,19cb50ca8ff9afe19ce39c5d9562f3bd,68371,altamira,PA
00701ade29704fc9aa33a8766b082cb6,bbdf651cbace0c9efc7fd3184235aa74,99010,"passo fundo",RS
0070e3e36dad141bed98c6dd5b3d1216,77d6cd89498a8cd9762daa48e8e8b797,85640,ampere,PR
007182cdc3e8e2d3d4ce0b00b9004630,0c4f8b6f80f0dbddbdce3882d2242be9,1251,"sao paulo",SP
0072357d0a3394d268c6abb9e30aaafe,07af1aef7bf4d17ec7f0f166e9025fc9,14815,ibate,SP
0074a15febc9459ab2f999ea0e22c8d6,526807e2a25ea0db271efcc9fc646db1,29072,vitoria,ES
0075589b789b6bce7b058adab7e9a6f5,ab26376d360f4caa7f34418cff3c9971,90470,"porto alegre",RS
007612fef51262f4762d32add5d128cc,2f53681bf01c5cff02bada5809fe302e,3611,"sao paulo",SP
00765aebd8e20a9a8aa8c28d0099a938,ec99f30f38afadbfbae32d5883734ded,13212,jundiai,SP
007732425b3cfb147a3ca928ce907cc1,fcad3faa5c09b2baf9164b8fd20098b5,3041,"sao paulo",SP
00785e4d6fd1ab53e7de20c730c070f1,717bebcdcbf23f37f3fba2a88f397678,88301,itajai,SC
0078867a1043bd408c6134cf5ca1bbf5,0be419a69453900fff1337bc4c3e0f0f,3022,"sao paulo",SP
00788705370da606e9f8390258b9e977,11a58793327e4f480717491484f4372a,29060,vitoria,ES
0078c6b33ae4a3f03de57a8ad36648e1,31d436bafbad927dc79b130826dc3404,38412,uberlandia,MG
00791d8bb3acb245dc0b865656e18fff,56b6eede1b10925212f054a7ba614796,37410,"tres coracoes",MG
0079368290cd7f161d62e7df9377d8ce,a6da63180c0d5fdbf5834fb3d3a8dc72,21230,"rio de janeiro",RJ
00796be07bfc87dad2e31ef15490a718,570eb70ff97166b85ea96be3bfb65fef,31130,"belo horizonte",MG
007a444502902587d7aa72af38cbd1de,8d2cc82dae0f2b1bb8667a2eedcd8c71,88070,florianopolis,SC
007a6cde976f335c04a22d7043dd23f0,0a3f32fce9d5056b96a9fe604715982b,17026,bauru,SP
007b18ac9b8a627f259ea78aed981315,a06d94b5d758fbc36c8f679d98ae1fc5,3951,"sao paulo",SP
007b7f04a35e02745c23ea706492ca20,46dd28b3f7e33b789acf42d3093b7773,35950,alvinopolis,MG
007c76c2ab6101f00798548775dfdbaf,5476fc5a4a6fd7f746b9e0461a585ec8,13145,paulinia,SP
007d1c8a4fe2a7d4233d5ad3ea74a29b,68652e69a77dec3f573ef0135541f6b5,30260,"belo horizonte",MG
007da0ded5420c2ac9cdcdc758841cde,fb258014c67a0f16e4da53fa45e90db5,28080,"campos dos goytacazes",RJ
007dca6150a323ecb560d11f2a3615a2,f807403776737da279aba36583afa4df,84060,"ponta grossa",PR
007dd470bdcf9dc8ffcd44beb79dc18c,f4118facd33f966e80b9fabbf0ca2547,8665,suzano,SP
007e99fec9d53dfa4e5d8be9c2b36ca7,6acc5385a15c441abe050fc7abda50bf,40255,salvador,BA
007ff1d42a6a44f0e16e18d2d7d5f72e,d7dca5075c207d22e930c7ab977c80e5,37750,machado,MG
0080e98d82eceee143dc006defe00687,38a8b05798967480ac1ca6ce6c5cbd6a,17511,marilia,SP
00838729460c2110a0bd330a4bb9b332,d3857f98166ef23ca95d44cbe9b1828c,74063,goiania,GO
0083d9cca92e71d03d298721b572a77b,45aba165580af1596b291956b7b7849c,22733,"rio de janeiro",RJ
008598a4ca17eba904c5fed695cb13be,a6d8302831afb228546eccf6cb3b3b48,96450,"dom pedrito",RS
008657b86f500495539ffa6d275351b7,10b960a4f2cfecc03e6c89b4b02ebab6,12120,tremembe,SP
0086b541a59fa554e7953e2d3c285285,57f06135a2656bfab535243f705fc8f6,40440,salvador,BA
0088393a302a84e57cc69c9d365f5efa,e8085241eb1297eaa9bfa9453ea0b1ca,25880,sapucaia,RJ
0088395699ea0fcd459bfbef084997db,ffe254cc039740e17dd15a5305035928,37640,extrema,MG
008871f261eb4390ca7a1ded607ea417,56a9c159fffe93bdef88ffbf6e729712,6226,osasco,SP
008943f202ed451804dfc1c23248eeb0,3c4d7fdb25ab947c7ac866ba940f9c32,54580,"cabo de santo agostinho",PE
0089c34393989276de67746531e0df21,320388520e5f7afe7c97489ea2732796,6397,carapicuiba,SP
008d16b47540f172f75b765d5ea1eed0,35757a3cfd70b9aeab443c4dc1d8ad30,2804,"sao paulo",SP
008d7d751e72ae684c0d31bc988b36fb,f3795e38cc5b655e26e94d1cc21263fa,64078,teresina,PI
008def95c3ec7f58d2cc8f2b1d2c3feb,23af7ed42b446329e95c7645ba337f86,76934,seringueiras,RO
008e1bbc8f278134d10d8788a3ca0b7c,7d373e92dd3086b4c37e9868fc8999c1,17024,bauru,SP
008e75e0f20ba6d6cc41923596b83693,197572fc8f1878d0a94195ac840dd947,8772,"mogi das cruzes",SP
008f931f2de5414536a04cdd033bea60,3ee932c2f695c34affbbeb9a299c8166,50020,recife,PE
009043346db59e970bcad7e5a6e590ca,7af8bc059cb4c4c55038a142b99da13b,37570,"ouro fino",MG
0090571a7077aaa71825c98f660695df,72ce629a45d8ae96d22c2946aaf876f2,71050,brasilia,DF
00914220fb44a373f667e19ed450e8df,a1605a83a0e36258d7eb2da55bb5ff4c,22290,"rio de janeiro",RJ
0092770b2a1471643d88b60d6b804464,6b2ef099439c81743bd02edd480829d5,65260,cedral,MA
0092ebfee8043dae610fab832e61acff,d74dfc7a1504f45d7880c12e7f8fe142,13330,indaiatuba,SP
00931b6a1ae01ead1f98d4e1d1547106,9f19c80b64945cd7abd1fb91ff5157a7,88316,itajai,SC
00931eabd5b24b4a2d97ec779d739631,15b3549f16e0f7bdc1afcbad647eb8a6,27700,vassouras,RJ
0093a68265f18be3adbbe054dc4c9295,4e0e24ed6b791dca50eacced49d5e2d1,3578,"sao paulo",SP
0093eadfb5536c158311672bdf418044,693343dbec3bbc6b1641ee705715a12f,75804,jatai,GO
00949af96107ff1f55bc0f09e913686d,3cc4acd6cfe6acb5f129a560961f2ef6,5335,"sao paulo",SP
00951234ffc26898cb0f62b8c0e89f88,754fd85b66cc83bb73ffb06a4bc729f8,32604,betim,MG
0095298db7c70d082c2584d4eb496654,18ae61c98401cffe6c25c525f8ecc7bd,35628,"morada nova de minas",MG
00953228b409090c774d955f2ab881e5,34502bdbecbd6a3b1dd162fe201556dd,13035,campinas,SP
009556b29007b7233895402fac956591,9fc40e07c540ae6cb1cc7cf10019ab3b,25651,petropolis,RJ
0095d34ddb16f0d0776fc9f2a341dfcd,217ffba1efeab7f634bde4c18d312bd8,18520,cerquilho,SP
0096dd625383caa8afe2c028018bf4ce,8d78819a02ccaa0243dbdb0888c7ba8b,23013,"rio de janeiro",RJ
0097c5abeb126a90646370f4a1cf3d93,4c1cacfc081ddc8593a27c9d3c88be49,97700,santiago,RS
0098400373e087d3c231fb5d37834fde,b66ebea9fad19535d1134154668d4129,73900,posse,GO
0098c4d01b3588b0b61ac012e5e4b228,ed5f2cdb43c9166062c0baffd3973f14,89224,joinville,SC
00993c1bdbff4f24ca6b8124b4cf5a1f,10d5890ed5e7ec78a7db23b5ac579b17,93025,"sao leopoldo",RS
0099a73bb9e6010fad1106f3dbadfc1d,8bf1dc98223704657288b7653abab62b,13290,louveira,SP
0099bfdae84652b1df38e27c0fc216e3,8186340945b0be4093153f9e51966e42,85810,cascavel,PR
009aac1d726cf431e9cff8be1f7d9ca5,6cc9821bbb49f3a6159c6bca3542f795,65110,"sao jose de ribamar",MA
009ac0aeacb7e5c368452976385b7903,2d6f0bccd75dcbf570a1afe61eeb03a1,6730,"vargem grande paulista",SP
009bd844996868ab5166ade7dd9ab471,63df52c362d4b7183bb6a463452a8183,13076,campinas,SP
009c825b4f96c0c03731ac38b6e1c6ea,16adfb3d3d55b81af6248041ba561882,97590,"rosario do sul",RS
009c99241ad4ac86427982c474c18771,ed3540836eb82093f5647ec31a037f42,44700,jacobina,BA
009c9d2be03f80df9ef29fade7f998f3,459c24ec5bb599541f309cb00cd2cf60,8780,"mogi das cruzes",SP
009e30667771830117017cf8581b98a5,6a1250106d0de8395377553e4dd2b5fc,30880,"belo horizonte",MG
00a02bdfd1741b999de5e2ccfdb8cfc8,df0c259fcd231dc0a72eceb0bec4102f,6365,carapicuiba,SP
00a16acd591b4bb112f2e94c7d2f9936,873e5a11673ea73e58db17af95546fc5,28941,"sao pedro da aldeia",RJ
00a1edfeac0ce7adf9357b89c9659eb2,0fa9d11d5ad31c53125b31b3f9fa5398,75533,itumbiara,GO
00a2277d94755da60c916bab098b9b49,9a4874151836dd0388acb83657ab7367,11035,santos,SP
00a39528c677a55852f57235f988b837,9f67d6145893e41e7ada2e646b84f658,18112,votorantim,SP
00a40841820d0d2a51c5fc110eba37ed,86b2db4420103d9e32f7ceaa9133fc85,20530,"rio de janeiro",RJ
00a49178247b91322bdca02625e81f7a,feaa8891b941fef98112c26ef7c19cee,49530,ribeiropolis,SE
00a572d0c25a9ea5e283ea2da267ba8d,a5d931bbaafdee2e1fd7353cf0c31f05,19860,cruzalia,SP
00a5ee1a809dde5ccdb5b8c58531c343,456351381464fe44c74f85a122d86839,3758,"sao paulo",SP
00a6e2753fc2652cb87386ffbf5792b2,3abdf4f27efce96f8573a88343a4084e,4944,"sao paulo",SP
00a7f6b5d305216d76ab1accbfe123b9,75a3b07e6c337d98fcf56aefb228b11b,4011,"sao paulo",SP
00a7f9b60493b4b11601b42e5f31eac9,adf61ad8994414035684cea95e70549e,3435,"sao paulo",SP
00a860aeb15fb205efdb0c689d8f9c6a,ca7e51a36f9ace4d07d6548599785bab,9821,"sao bernardo do campo",SP
00aa3aa0438ac8a9e8a9378171ccd055,6a798e7cd7c78b8893eec42fc5bdeff9,37500,itajuba,MG
00ab90b4fd9fa3d490ab687f992763d6,18057955f3a6909f6fc6cf564179b6cf,8490,"sao paulo",SP
00abf30c1a93c7c8b509cb80a22e4dd8,d43e7cbf7354f1f46a7a1b30701017b3,6226,osasco,SP
00acc750f0c2bda99b95c4043ff1e662,308eed157c50c58cd2d795eb5f1e096a,36061,"juiz de fora",MG
00aee581138f207eb71f58811aae25d1,7cdad7ad32a8ed3d160ca312e16d29f1,9750,"sao bernardo do campo",SP
00af1761df71da362764c51bb96f5118,b66facc84d03ec2aabda4c102d9ecb53,71015,brasilia,DF
00af928c0a307dfdb37122943a1e6902,fd45ef982d27eb5aaa153990b7c8140b,18275,tatui,SP
00b14856ef33f09ac83df50620ce60b1,d5a1c9ee66337a40a8b95be64166da60,11055,santos,SP
00b16eaf1e6b6bd4eeb54f97fc31f172,6c09a1b2276ad843fe5649cb2f92660c,22241,"rio de janeiro",RJ
00b196cc59531c4dbba23e94fff01d6c,b958f2e238f8179614d3cb86ad79c9a1,60347,fortaleza,CE
00b2b9682f5c2a1f7cf1312ce6a0ea9d,949b75abf6fdda78201547bf5f4c07f5,12236,"sao jose dos campos",SP
00b2fdba41164ba7de5052652fb86231,02bc079a58dfe937bdc5d97c8bac00ac,6362,carapicuiba,SP
00b366712a38454d2e62c9d2509d0623,271850b8783a2378c477328f60413b47,3476,"sao paulo",SP
00b4054d851ec464f6fb745fab627439,82c199ce18d8d976f3029a4310e8ac5c,76825,"porto velho",RO
00b4a445a17922526d9b64e567ac2865,e97f8593167749c6900418a170670da8,88210,"porto belo",SC
00b5072ef1192bc4d02e1d6264317bb0,86e5bace0b99ae394e73ee02a28fa10e,14883,jaboticabal,SP
00b6731ea206414be73f8c73bec1951e,72061fff095d8325b311ea24e2f4a2b5,37150,"carmo do rio claro",MG
00b694184c8c2f2a565e4def5a00b8ee,c225695275be1f228cece399a0093593,69033,manaus,AM
00b78d0d0484fc9f3e1138e1ab752db6,6d9c0dc8d49cf9b9ff824bf1b0f79b4a,15990,matao,SP
00b7c3578d5231b0b60a62414118652b,befb041460ac63f542e98b664f5d4d68,64235,cocal,PI
00b7c3aa68e7f0e83117105ee4964a49,24807abbbdb040003fa4c1f72b686431,72115,brasilia,DF
00b7dcb6e32230f09195eb0e9aa1a94b,f42ed5286ed2c811df0db5d230eb8383,3572,"sao paulo",SP
00b96a156e6827442e5ec7c620a39d24,41b75ed52acfa208903915c459a5e3fd,31010,"belo horizonte",MG
00b9f074bf913ebcb8e7b9d7f8398782,5608c8ba4ec9e036b755a199c5fd51ef,21860,"rio de janeiro",RJ
00ba24d5e8869fd25950fd26c098ee20,fb7321c807106363b749c783f41de4fc,2860,"sao paulo",SP
00ba72dac5dae2776b5bfcf799a956b2,40b5e9eed4db7f956359145971056f5d,4835,"sao paulo",SP
00ba767af52461bf567696d2a6d2909f,4dfa53e424b44b9dcb3965683078712d,39400,"montes claros",MG
00ba7e4052ff6531f4e8aa0b0054318b,e46d6bcd22d95a9d167d807372d08add,13097,campinas,SP
00bad631eaa8723983a6c7e2f910dfca,a672e4e4af506e713c1b4373e038cabb,9230,"santo andre",SP
00bae1a0d3566c3af0c3c67fd2204935,66d201c13937598dd4e036788a10a203,38465,arapora,MG
00bb27539e10159490e73842a90b173e,9190d6ac7534e99da5edfd3aa43b29a6,12243,"sao jose dos campos",SP
00bb2dd15521a8a428bb530b4cabb403,0cbd5dfde4c06bbe2960d2c0c95e5e7d,14055,"ribeirao preto",SP
00bd25230af840df218e6902df6ac894,c55681552ac6922a276fb013d773881b,99700,erechim,RS
00bd2f03a3aeb727b9c7bf7c2a1c094b,07187f9425311d0bd2a5451169bb8c3c,21745,"rio de janeiro",RJ
00be672c9d26099d6fd918cf76a4ef67,6dfec7f36b7045b17ff80348337f75dc,73350,brasilia,DF
00bf0246fe43d0dac8842035f21f8a76,29869c1422b9c068973f8e44575f73d6,18550,boituva,SP
00bf225ae2b2d6a141e31acf971c4a03,c60c5563690f2a27a76f4d8ba53c2a85,1440,"sao paulo",SP
00bf77539bad79ed21c55cdea4375985,6e066424e17b2da4b735194531fb99a6,88070,florianopolis,SC
00c042af846ab3125854b4abc3bf25a6,af13324b5f4c0a838fe662c52a44b959,26022,"nova iguacu",RJ
00c120d7afbe4803d4771a8f3696ec85,859a9b67726d9c9306eb28b8938c59a0,1507,"sao paulo",SP
00c1cef22f54b3d3935e1c145b0c6ec6,d6ed810cf6ad03d565b645f0eb0d12a7,39848,"sao jose do divino",MG
00c23397b535962f65c89900d6a9ab22,be31ab006786747df81854035a1960f4,13505,"rio claro",SP
00c2781c163b9f057924ed8c45c724d4,e3170caa179176b49f1265ffde5c27fc,32071,contagem,MG
00c32f58ea39ae8132d9b1a32b81b167,0181f57a87c6a2f0e0fe2807f67aef0e,33600,"pedro leopoldo",MG
00c36dc4ec485e2500e9a669d6ea63d6,1973beff39565594011f9a0ef66f923e,78455,"lucas do rio verde",MT
00c38945ab09a0f226419274da4675e4,507c2846cc2991d0765fbf880e1d219c,20511,"rio de janeiro",RJ
00c3e2f6fe2448015cbd44f4b7814273,84ca742f08b69a3cff5b18ffe90551d3,11680,ubatuba,SP
00c5a25662a028f00093f247b945f959,5ea1aab4828e8220e3eb682763743013,90670,"porto alegre",RS
00c5b008c1465e327578fdacf185ccfa,ccd9fc8fd74bc87817d864a5dfc1bf1d,24901,marica,RJ
00c634fb2feeb4e2767a916c2375c9b8,63ebabf91afda8d43e0f6412fcfe6bf1,22793,"rio de janeiro",RJ
00c6436d2afd5923cba3f19f9542b140,3d07310ffa7a51e9f8249ad383e3e425,46580,"tanque novo",BA
00c7c6f2aaf86b1a5a386b103b67b218,3edc2805e049db7e556130362bb517fc,13141,paulinia,SP
00c7e84c0c77753093b456d787638eed,d691abbc71f38f91d187deedeb200290,84172,castro,PR
00c82b169fb6a103c5274dc731295a98,cb8fde758b25902db18315240ebd9b07,4011,"sao paulo",SP
00c86cc609174f994caee1818b788e05,0c13ce784ebdf9b7ac9dc35dac2f10fc,53700,itapissuma,PE
00c9ed767059efd304546d437c9d171d,2a63862c48140ff3de7e30f323eedec6,5347,"sao paulo",SP
00ca4dec2a491c4c1a9081a3c5a1e8b1,a296cb7b16ea56f1ffe6c09fa429ede2,72920,"aguas lindas de goias",GO
00ca6e4277e535d41bda84d371310be2,9a7b819bc0d6d9e9ce14fc7bb3925ff8,33115,"santa luzia",MG
00cca8735b2e7b89dc267f378e5c9e8d,c118a3dba2fb79861a948df731adc128,12570,aparecida,SP
00ccce5462294b682e2a5b34bc37c3d5,820af62eb6a1ce037f5837079a794ea1,65072,"sao luis",MA
00cd48b2051a1518d6d33ffd01dbfcb6,2f683d2b8640f8988ad9ca6295c03a50,2130,"sao paulo",SP
00cd55d78c1db8aa5f78e95d363373e4,3899fc7fcad23e796f29ac0f2ec6c231,83410,colombo,PR
00cebf30eafc51ca426a54082d26ddf3,788f3cfa99a83011f637d9c8b24e4e7d,84400,prudentopolis,PR
00cef6d9683eaa39aaf401e3b02bdbca,90a8e532133d8d1bb8a49c3ea08aaff6,74140,goiania,GO
00cf7bb323cf933b841728576c4de744,9595c4a04247bc9a1930529085323033,89237,joinville,SC
00d1bd043022c327bc464ded6b731f4a,73ddc612bdfdbc01e6d7e37c05c38ea6,7841,"franco da rocha",SP
00d4a861a9e1ec05df44712a80bfd55d,2bc59d87dc030d00c63357f6c135d70e,31340,"belo horizonte",MG
00d4c7cec24152e73f88312fdbf09ffa,e2fe0b1f9429fdd3215b47c2c115511d,9351,maua,SP
00d59ed5b36bbeac2deb4e7256a39fb4,e85c47169878ba316206d340b2ba2e22,89216,joinville,SC
00d7e038b53f4b3ed3036d2d016e51c4,61c5df1c0ba751e67109d3a9448ba372,7713,caieiras,SP
00d88dff8797c35f7db7739109ba8cb3,6ff1fffdc0177147be8352ef9c3d56ea,6815,"embu das artes",SP
00d8b72b2807894a9e5c690179132819,f87567b082c73dd2c953001b14ddd739,8588,itaquaquecetuba,SP
00d9314fb3f147133d0dae548abab307,b20f3ab024ac7114796526eb0c59bd6a,29315,"cachoeiro de itapemirim",ES
00d97ddbc2cafa83bc2412d11da98d88,10e640a7ba92ae8164a1f2adba8bf44c,13650,"santa cruz das palmeiras",SP
00da45766aa7d360508cf25434334a8d,63606d6ecee30138790da5be23cac8e4,24020,niteroi,RJ
00da48d824214ffba48ab43f5b1d29a0,1500da334da019c68fda219f942ba38a,95040,"caxias do sul",RS
00daf19c19d0fa15a86284fa7293b5ac,5f9d0a2d1cbdc542a46b46a8b3511701,12243,"sao jose dos campos",SP
00dcc20224e6a230aa9f7ff8fb6f29f8,7a91ff7dd6e77ba0f5ce7698cd7ba73b,4857,"sao paulo",SP
00de350c10e898eb927e6a5440a30191,73e879f10191d104c98f767f967b1e63,23052,"rio de janeiro",RJ
00e0a2be19aca747d3051ed15e18b77a,249749451a0cae7e2de98adce5811f02,22720,"rio de janeiro",RJ
00e13fc0014cb95fde8d8eb1d3d84195,6e8180fd61b4280c3d74dc2056256940,2130,"sao paulo",SP
00e144a7e8e11d93c3c4f12558735f03,b228692e71b74a9931496bf59debce23,95985,"nova alvorada",RS
00e200fe66bc8553bd83681887d6176f,fc5e5fe0a1c88aebef8f551bc84abd9c,69020,manaus,AM
00e20d0af2000bc5415d945981b3bd31,75f5549d76d4a3f24e15e81d76ae78f5,36520,"visconde do rio branco",MG
00e3fdbce18ef97f5b13e1cc27e9dc98,aabcd181e8b68df20212829acc386a2f,28680,"cachoeiras de macacu",RJ
00e4dd8d5ecaa00de8c6671679b58045,b7cee8738797d3056f09669a12a4bea6,35010,"governador valadares",MG
00e5b2926b61c618f32e26a8683d84c7,75e750a6279d55f7137bb9e9bb8662cf,80430,curitiba,PR
00e6cc9509687bc594c4cbe302bd2115,af575381e1a9712ced599c185ac3efb7,90470,"porto alegre",RS
00e6ef8a68edd7a3d2221bcf18656b7e,9294c7088c7a37baed4923945669de99,99145,coxilha,RS
00e731383e6ee1e27962b8707c82d8cc,d1148fec8f6a5b13848a1234bb80960c,29900,linhares,ES
00e7c7983371f6e0c6ce890040d431db,a1a9bf49d51890f5f5db649034c7b59f,5409,"sao paulo",SP
00e7c822a5cd0647e9251fc711276ea7,7c438259d88d8eefb977be5432d761c1,35500,divinopolis,MG
00e8bdabd8d9dec7728bf9a885f7cff9,3fcda7fdc267ed83fb83433cce147c18,36420,"ouro branco",MG
00eb2bf26ade27447b6532561c6a402d,cc320e08bc9bc1b0a30e551d1de1e26d,5037,"sao paulo",SP
00eb46a6c173fdad0c058d8650deefd9,70c23e6d130c68a56e991f959da2b3b9,5717,"sao paulo",SP
00ec3ab027d83e9b77d525b2e6b823e7,0d36922553ab8b00e3d5acd0d1ea0abb,5323,"sao paulo",SP
00ed8dde25f27c50ed32e0c4f1f8e76e,0326cb53e00b3f47e00db8263b66b32c,86010,londrina,PR
00ee00c99d468f838abf1d6d7044b2aa,6287730d8268264d1ac736b64304c632,6709,cotia,SP
00ee08bd4046a080a8ec38c5e0937372,5efe3bb2ff056a6a0f2370818502daed,25935,mage,RJ
00eeecca2b37c96ce302d0428ee46ccf,71f24e11231b2fe3eb018fbfdaf381df,4534,"sao paulo",SP
00efae0d386ce3132b63e35b3aa79ec6,28f000c72e013f25af51a91469b4665c,20730,"rio de janeiro",RJ
00efb24cd00f8eda8e85e3c3e0f2eb66,927e342e5416289ef96f6097d6494235,13212,jundiai,SP
00efd0bb67f3af4d73269668a6cc8b49,b63a0410273c4fbd9c54a639ce8bfdf8,12227,"sao jose dos campos",SP
00f31970034cf8ebd290529f7a97beb9,868e05a0868d46ae2b094037b66ae95d,22430,"rio de janeiro",RJ
00f394e6fc446865ac4097b6db69ef4a,ab1d731d10eee8bf32306f5452eb770f,26574,mesquita,RJ
00f3b3a7cd0b6566435090c7fbda03a2,c2b845a86c16b519c0c1d9598576f276,37940,alpinopolis,MG
00f4202fec304d8f984a33eddc630e0f,5f5c63b8be5d8accfec392c0c9e071eb,60824,fortaleza,CE
00f5111aa1572c08c765f48e20edf87b,757b9b4481d4508d3d019c2b5f9e3e15,15070,"sao jose do rio preto",SP
00f5116a953fdf1b86dd0deb055c0e12,9f268d26a5ab9839702b621fbcda4f5f,26325,queimados,RJ
00f539ee95c97870a2a4f261a2d96ba4,ca17449b50589db8a44f96a187133bcf,35360,"sao pedro dos ferros",MG
00f58ffb9b2f2764032aca4e22330725,b1cf8d49a04154f58aa89edd28a8bca2,3570,"sao paulo",SP
00f6217307f712298d8e47215f0bf2ad,8be158f05b793cd72d5fde01365b5d2c,13224,"varzea paulista",SP
00f625f67cffbda090bb7bd168821482,a2e0f605a77015b28a90b06c31404e99,9351,maua,SP
00f6b2176ddb649359d064053de50c2e,76d6d5c43b1fc7066b46e93c1288ee2c,39401,"montes claros",MG
00f73459a4d3be97ff307dc869da0aa9,f0e721656838e4d20a956242308007c7,4571,"sao paulo",SP
00f782305075b457bfe7fb38cf6562a5,78d7324240ce5b1c52e410a385319973,79090,"campo grande",MS
00f83de98e791c2a4b779f7e61a4cf28,78acd50d033f80538ef65fb5c5bb07ce,45570,ipiau,BA
00f8a4bbb515bfe8f84f9cfa45621250,b2bb87ebda9c0aad99e72716de580b63,98025,"cruz alta",RS
00f8ac751ae484a82adb20b42ad1aca7,cf9546de2a77aa119bba565138bf5d34,85801,cascavel,PR
00fb3db8be6fffc03c156297ff70c1b9,98d9a0f7e940e0750fbf72f9aaab1210,6186,osasco,SP
00fb49c2869c0797c3bf65f269f1510b,96963c600a1dca3a9df3a9cfa26301d0,55400,catende,PE
00fb765118b6d3b18dfc763dc3729a5b,eb74a8dca9e7d695ab789aea1686b6cb,6170,osasco,SP
00fd2c64e6e3f94a81541196fc536f4f,bd1e7855a39adab1461658e3185a3e1a,89160,"rio do sul",SC
00fd7dfb540f22f5fa85fe9ecfb82fd3,14d161c41de103d191d4978a153b04a9,78573,tapurah,MT
00fd9131670312e3292287415ee2e498,51fed7c5898cdadba813f39d26ee8979,3116,"sao paulo",SP
00ffaeed5dc4a18cf44151b40f81a96f,608916ce8652b2692255dad852f13b32,26321,queimados,RJ
00ffbb23812bc76062322afd86d8cbf7,3ebb2a0fd558dba46f61dbaa6ecbda79,6145,osasco,SP
010099752e4ca60e61c8a4a669ea9fe5,032cfb33364e07ebcafb4b8a92d7eec4,11702,"praia grande",SP
01016b17e79a0a428384c6916b426aed,e47c583b91537b2dabc8c565a807b618,24445,"sao goncalo",RJ
0101e1c05e39f58731e21081f3ea410a,c773ba7864061bda66e16cb2aeb7d8ac,26277,"nova iguacu",RJ
010583f85dd55d32a6db1068f58ca6f1,bd077a2aa972e28fd6c205b1a22a2c11,57035,maceio,AL
0105f165f3be4b229fcca1cba2349186,fb8fa768aa555a031e83ca4cad6cebb6,6236,osasco,SP
010714eb89c36dd92fee08385cc1dd6b,f96903a2c83e6f2cf099643977f61ed2,37262,"santo antonio do amparo",MG
01077b7579fd4c86971c6598bd550ee5,1a0d8ab950a7d9632115973d98b648e2,14401,franca,SP
0107c38d1ad737e7508cc65067b25d10,ddec07b2176f23c3e4a17570e0f2eb3d,74610,goiania,GO
0107d0717619fc7e17ba5fdd7c9aad36,9224cb2cd931f94531d064137e8a25c6,97502,uruguaiana,RS
0107ed88ec010416e20cacf67d2c905c,84720447172b234e7504da52ee639435,81050,curitiba,PR
0108bac6b3f1f9f0fb88a1f0c0763919,ef186057977211d72b3d6b2e35096d48,38184,araxa,MG
01095519ab759274152540845a1d2004,de94babd284639522797831b81b3d239,13334,indaiatuba,SP
010ac941a52f7717d87471a7da831cd0,ed1e4450166afd6ca7af55f4c5019412,32670,betim,MG
010be179fab38706ae5cf77170b038e3,5e7e0be1ac6b95219cd8a74b42881f19,28613,"nova friburgo",RJ
010c5ccfc9a9135b8c89e2d66f5fb8f5,df9c264a06689dd14d8bb9da773b56a9,26277,"nova iguacu",RJ
010c697e9133c540d8acf1535533f7db,408d1227fdad76c0cc0c03f202f4a6eb,77015,palmas,TO
010d1bac7f6ca46ef1c6fd0c4034cffc,825dd8ade1078c7e3fae513616a574f3,11442,guaruja,SP
010dad3dab8189cba58ae1ca11b8cc09,e74fc8f58aa86705361306701351d1c4,4561,"sao paulo",SP
010e2bfece4b4e44fb7a6aa9c2b2b9d0,9a34b2d328419c7f3be3670caea7147c,13485,limeira,SP
010ebb5ce5da9367a59959153f083968,5b7743d8f930a9dd5cfdb503aa8e31dc,12215,"sao jose dos campos",SP
010f3c6e21051748f72f762b9a7cb85d,52d40ed525892e7b31fc34aa750419c9,7054,guarulhos,SP
010ff86be8e9b1a1ae1868dc64b05f21,f9a7da36a22b5ede9d2e39b5fc0458e5,59015,natal,RN
0111774394b7b2cd9651eedc6c791bd2,6ea23f0d3d79f7b1f6d168021b4f0987,88870,orleans,SC
0111b8c89dbd979f8d35037954eb6a39,bb14be31dd2eee0178a0d592e8cc1b5f,26330,queimados,RJ
01122215dd21ac872ae567ec4e351e01,4d285c90d3a4161d1bba6feed1072244,4506,"sao paulo",SP
011263a2375678dc8d8fcda1c3e11cd9,c6781a2c32fe1084d3aaa4eaba5f11e0,36500,uba,MG
01156d307fdee5870c27d63afb938bd9,e54bf1537a0fd448ebb99c14ab6d52bf,16204,birigui,SP
0115fdf642d451174def967bd1d55350,99463c65dc4f7d011709ce9966da32f4,37800,guaxupe,MG
011671897080a38fa57f3c190a310d49,2abd0f22de522dbcc7adc9ba8982e406,7176,guarulhos,SP
0116b6f7b023ad7b078ead9dc8f68897,c0bd980ed45dcbc2aa102ce56a1bddf0,35054,"governador valadares",MG
0117fc26c948641502349399aa649dc0,599fa5854f3bff7c41dab552068d04bc,75701,catalao,GO
0117fcfe90f5c0df487c5eb4ae067aff,547815ef9a8d4503278645b8d39c2a87,68040,santarem,PA
0118758814dbb115d346a1e8efa705e9,7b0ee136df77a05cdd20574b3c22dfdb,8715,"mogi das cruzes",SP
01187871d33eda6ba14aea590bb50d0e,f59d6f7e4802cda1fa84bfc825223167,78200,caceres,MT
01190354aed7ae9e31b5f523699cf01b,2fb4b104618b33a1ea39ec7c993eb743,88025,florianopolis,SC
011a899e735ec86f00f26089cdae09cf,f0d1cc425dc6608c2b319b981a025cbc,4890,"sao paulo",SP
011aa301cac8da4d01db88c3180a4058,e44110c2ff342e5bbda6c2224d94bbe6,1202,"sao paulo",SP
011aa728cdc4c57b506c6c40ac2a7712,eaefab7076bee4c6fc967887e97e6047,1230,"sao paulo",SP
011b97b83f521e755f03173c96baf57b,c4ba7e07879b1e3547efb4ec43c20b0d,11040,santos,SP
011caa1d64812e93260454d6e311f330,c5799e9491cef7d6fb8ba352e09f0f37,31650,"belo horizonte",MG
011d2f8468c1be17b9c493a916e31a56,ebdbd2fe116eaf3f128c7bdc3c1317e1,24360,niteroi,RJ
011ec289931a2dddb4a0e40191748b3c,5ea08622fea6aab9f58925930cfa7edf,1221,"sao paulo",SP
011f5f2d716eb919dd944494c0db328b,f2c529076a2edc67ad5da913050fd526,95185,"carlos barbosa",RS
011fc4ea8b9a1e857358c71da7dcf852,8c8014185acf983b2beedb0048cf2eff,20091,"rio de janeiro",RJ
01206a881130146c337962e714f06d66,40594794ab94ef383504b759584bcb0a,9450,"rio grande da serra",SP
012087f1c663428b54e53b0f69e700db,dccde35aac11d5e4c5e88479cda1284b,13510,"santa gertrudes",SP
01208d73b8f2d0e10347aae1242a12fa,ad5db7237bf82b05272008e7ff2ce225,70355,brasilia,DF
0120f40c1cfb22b538c7f78c8b5265dd,b30f58f68baf0fa247393795de45169d,13455,"santa barbara d'oeste",SP
0120ff9de7b5aba7cd8676c093f189de,3005e572ba8546283336ed219f88660d,12400,pindamonhangaba,SP
01214c5f31d06b6da030e5825b431446,9cd889bbd0b3e67db9d57ff266c44d53,4739,"sao paulo",SP
0122f471f8b583b4b8262a9ba5870e0e,b8e48b22c967fa2ab9a6a4146329af11,58780,itaporanga,PB
01231f8b1b36a9da85f695b48c2f18b2,5ef8bd6f12f2d06de7b39c5b913876da,76200,ipora,GO
0123eb191c6ac1d113dd16c4638cba8a,918e31f72426c3202b507286882b7e6a,35560,"santo antonio do monte",MG
012413f25e1a3f143b2001198e916594,99251d77284980383662133057fe855b,13880,"vargem grande do sul",SP
0124a56e33d9d3da6b8340d2153f60a5,a055c63f6e34861892f05da20782859e,38031,uberaba,MG
0125bee4b30f40607261d06f47b0f38d,a4bfe05c0977b521c31704c8aa540c39,1525,"sao paulo",SP
0125ed303758dc1d7e4d99b000f88768,725e7189b1c60964a244d43ef0b83d29,15060,"sao jose do rio preto",SP
0125fdf9e257f064725f85d1d63085b4,b8af560ea969399b77e9b0e6644558fe,86050,londrina,PR
012614499e669f2afb78750ab13273c9,d9af8c35cbab1d9dc745f3500a9db311,4902,"sao paulo",SP
01268a9cd062a41dbaebe24bd8b07cbf,3a75fe04b67f463a4cbb5cd665321cc6,5574,"sao paulo",SP
0126adf5308223f7cba2e84f97ac0d9b,d2bdde0a0acca76c25b5501424289355,28625,"nova friburgo",RJ
0126c89d5a7c2b7b2bda098668c7526d,56727e990cb63b930b63d8bcbfa08ffe,28200,"sao joao da barra",RJ
0126e712caf48d6cf32ffbdce563d2c3,87c1421512334fbce198a15504d64523,6406,barueri,SP
01271eb2284947f2e2abbe53fa15730a,0934600022d7017b02d95ef574d80d02,13690,descalvado,SP
0127d98d4a7e205081ddac271d6b8e52,c0f2dff1f913fe4237f13f4c98ecdd5a,3644,"sao paulo",SP
01287ad2456ffbd365f2e955dbbcebc7,27d873fe972585d1c6feb87449bf91bc,22011,"rio de janeiro",RJ
01288d72df4b2a4fb61182da4113ceab,5b93d204e1d3130dd6ede5da588c0bcb,50050,recife,PE
012890b678dffa039b23707633b2eff3,0a967bd086132c6daa8eadaa364c91a1,31160,"belo horizonte",MG
012938ae26ceaa758b735826636366f8,b9b7a03c01ed2bd7b09072f575faaad1,8490,"sao paulo",SP
01295bcfd2311c7b510c4c697f82b6be,081db5695359e3bcd5b781ff97dd60b4,22733,"rio de janeiro",RJ
0129ed0b91663e92e982965f3a6245f6,74ec77145a467b1a96152aac1c3ab137,22461,"rio de janeiro",RJ
012b69962ffef2be728865fe6a90359c,86b0aa3acd7e8f7427c8915780f5cd27,66615,belem,PA
012c207234cf4e33fd21cc9bbcb2d1a3,597d4977a08cb545d03b78f118ef0a08,3303,"sao paulo",SP
012ca3bed937a20fa19642e8e53d831c,f5344c7feb209d1e8a9de5d60ed79331,19360,"santo anastacio",SP
012e0c27bbc549e7c249ee9042d58f7b,7fb58ee27f8074e833967c1d607d4452,41750,salvador,BA
0130b37ed963c4a595792582025bdcb0,e47adb6f53a1fa2b49599b756eaf4265,7841,"franco da rocha",SP
0130ec6b73b4f7fb58e4a4a78774b47b,2050d9b9721b1e61a6110666d2b2a2a8,23050,"rio de janeiro",RJ
0131193f8b1b149f85f1326ac337effb,3052fa07cdb3c836b158402ea4ee6fb8,8151,"sao paulo",SP
01311c3c93d566f9b8991cd06a0d33ee,50f604697bed2e78f1fef7eeac8362b8,4002,"sao paulo",SP
01311fef2cb7553344ac33c95e196db1,d49e0879143741c88dcef7eaee470554,28010,"campos dos goytacazes",RJ
0134ab2fb213ed322c3ae3b0e051582f,910edb03fe69cbf4c909fb359d9e9564,4360,"sao paulo",SP
0135196a168da02f97f00b7300af0baa,16d9c38e02ee1242cf1d9080e453fe9d,4842,"sao paulo",SP
0137aedb5fd652186dbf05e49d78db59,ccab3a81489119980484135893a540fd,31560,"belo horizonte",MG
0137af0a69be6d96a77314fa91324ff5,8f5cbeb89396d69fa2bad804222a6576,21051,"rio de janeiro",RJ
0137bbd3e8c493cfa735b98ef18bd1c6,9403933633aca7e3c413927cbf0ccfd5,30140,"belo horizonte",MG
0137f0a46fd3e941f09ead2566bd6408,f8935f608ed11f06cec5ab977057511a,88526,lages,SC
0138300525351148ae5c0bfe11efe43c,6eb8e2b6fcf8074c670ebdac39ba6442,80440,curitiba,PR
01389f4d25fdacc049ce7dfe96c259e3,2e0c25db86332e0bc2f391c885747c3c,27963,macae,RJ
0138bea323fc76e6968c0fa28a35d9e8,513d16da25fe4a05a17d556b9a62e2ae,9195,"santo andre",SP
01391e5f325943c1d9dee9e6202aa7e5,99aba93205c163f13fda5babda17e6c5,38320,"santa vitoria",MG
0139721501e0a6fe8f79253f6794ab2d,1925cc188b54d035fcdcf391546a675f,6463,barueri,SP
013b46f9a2576623a655fd9469b7c583,7ee7b51e84d754f7a627c51c473d670c,17800,adamantina,SP
013bdb994a9c8f09fde3f5f543e698ad,ba425b1bf6cab11cc601255a30cd3bdd,69950,"manoel urbano",AC
013c39ad671a385ad47e7d108dc6517b,9e72470a3139f0c9b6ea5d48a0007423,25961,teresopolis,RJ
013e49bb711629177d848e409b7566c5,a4ec2e3d635afbd7f5e420bda0b15861,4578,"sao paulo",SP
013e4fc1800b9973a92b450d18c4f658,e20250548f286289e38b1fb5e04a859f,2161,"sao paulo",SP
013e5c6a0f2d8fef75ebb90f05b0ca59,58920cd5aa8f69847b28e7442950b490,8725,"mogi das cruzes",SP
013f6eb268d33338ee175ffe2ed24204,10a1ad3ff5f9d18ae0ee0f0a2d6d74b1,23066,"rio de janeiro",RJ
0140bb3a2e24b8dd7a341eaf707b440e,ac61539bd1e37ef9fc8b951720d90bdb,18707,avare,SP
01414201d70bd508e1eee33ff67d2453,51006dd5d7be37e9f51110da07c3e7bc,12243,"sao jose dos campos",SP
01415cfeb907d8ce0e17075b4c097fe9,c2154b6ca788852f644e6f56dc7abbe9,5409,"sao paulo",SP
0142101e44b97fe8041e8bacfff65ef2,3c9ee8e3d67eb535effa8ee1852e8af4,36900,manhuacu,MG
0142bd3182ef8b08ecc4182dfd4ef811,6308a12ac077366a81ce871c6b5c7f78,65750,esperantinopolis,MA
0143daf7466a5e7886eb9d1738d293b6,51e1a99e6888fce6fe3a58ef48cc8fe1,44550,"sao felipe",BA
0145c94f89448a156864199db4c3b826,021f9b70becbc032905f24f7e6c2d7d7,27313,"barra mansa",RJ
0145ffd2fcca22ddeebbcd95f7ad890e,c8fb284ae00d32a177121df1a57d88fa,3322,"sao paulo",SP
014693f265c4f52b8c1aa9eb8cd197d5,6b8c64a9320a51ad29012e5fbb9628ab,1424,"sao paulo",SP
0146c236b4c942e0ed107444e8a90463,564feb90710b4f84399f931fa97ea704,88130,palhoca,SC
014734aef2673760779034c8f95ca598,41a8eb13e0e31ada950291a25019d3a7,13087,campinas,SP
0147fbc5c91112d914a4f4a480a0f09e,0c2018c190ac0a6c5a02c0bcbfaf2129,22060,"rio de janeiro",RJ
0148732a691a6f017cca48bbffdb172f,ff85a253905887f4e7bb9123cf1ef4f8,20220,"rio de janeiro",RJ
0148eb6c4d23d56432bc3431ee6a5bee,4b87a5d6550afe5245114fa21bfa4d74,9530,"sao caetano do sul",SP
0148f71e97a15ed3cf071ea28250eb87,7a58b4b37ece4d202545b0bf98a18efd,98960,"santo cristo",RS
014945a1b791b4b3585bc9d2e8a85d82,f9440ee3262032e0f0ea6ab93edad013,5346,"sao paulo",SP
014a61237c010a8f59e966e34101520f,39851e747ed812dd9ce65dc9b3d6a00f,29309,"cachoeiro de itapemirim",ES
014a9fe1063cfc79c804affbe855a70f,a31135408270af483420121a53765a94,13054,campinas,SP
014b7917072f3fe8c9ca37d4043c31d1,a50349ca8cb5bddb3a60eb56e4cf9f07,7160,guarulhos,SP
014cb897286d70935bfa3c8eac776b76,e1967ba1b15b23a95519bf8cf882530a,37552,"pouso alegre",MG
014e22ebe12fcc0f03d5f3ed1d15f86f,cd315f6bf86d704bf9f8d60147c8c8aa,58036,"joao pessoa",PB
014ea662e1cd7ed36b3c44a9539bb34a,9973fd5d5b3f112fd146bd9c640e7690,22081,"rio de janeiro",RJ
014f2d069b53eec84aed9b8c1d5ef270,0d88b12063c0388a66ba0b8761c3ffa2,6329,carapicuiba,SP
014f3e3c0e2ca31a15e844bdf3a25cfb,eb1c13ad2fe7d3fbfacb2343a5351b5f,28055,"campos dos goytacazes",RJ
014f4ea4b3ed7aaf2db2f8acb6d96e75,5220aec10c2ca305aba8f9c3d7e8b5a3,9950,diadema,SP
014fb09b34197c57ae3c77a43d18475e,6b2766da6482d51ff4604a31659ccabf,30575,"belo horizonte",MG
01503d0b64036165c2f202b538de9308,24b7abbf33bbdc59f1a7bc607e71e119,4135,"sao paulo",SP
015041e1136a20f44f9cf4bbf29df823,9294c25a3c8bf64d665f706aa33a675f,85460,"quedas do iguacu",PR
01509d555b8b6775f5847912d8c52d46,cb296f03ccd21cfcb3ba0778c4f3b7d9,12942,atibaia,SP
01514a0b29d64250fc301b3413aa0ba3,af329b8b816bc8de251c365f45c848af,86088,londrina,PR
01531516bcefc94ae2fdde494db9fa3b,34975d20364a131ad6c6339c4f5c786f,1307,"sao paulo",SP
0153b54842840a90cf35a8cd645c6732,339f58f9d7a6a777891869a46af5be25,86036,londrina,PR
01541240e24ed7cc26a5e0dd60c57c30,0488f8e76b2ddeff4d52caa56df477ff,23060,"rio de janeiro",RJ
0154fa29866c388925f1cb6a76f41368,6ce74b4f138091ed0725662a2a5a49ab,41701,salvador,BA
01551ab70b4a96a82ff74e3fdf027837,24309b7b0b9526c167f5b54c302dde7a,95185,"carlos barbosa",RS
0155478730861c69019d0a41d9bc98f6,d12bace10e873f0f8c045c9f1b2ebffb,89050,blumenau,SC
0156badea44f4ffcaab3ad7572b69e28,afe73cfac99dbc1c8e67cf99091d61a6,84900,ibaiti,PR
01570eff130cb5aeca5e6ddc6c14a6ae,bdf598132b2804c8fa2d548155059d0a,30315,"belo horizonte",MG
01571872abf22fe5f1be95d63d768575,a78c6edd8ba14885a70e81135fa5fa2d,38057,uberaba,MG
0157cb863b4453c43468f3825dccdf9d,7dc30b655870459930b7c7960205d283,90030,"porto alegre",RS
0157d2d9039fc91ade6a389d733d8a16,8055d0ad30e60e69056c7b8174f89aae,2403,"sao paulo",SP
015895fd0bf723100a64b0ead7c69cd6,ebbe2f9f5abdaaaaad1d0999207e9362,13454,"santa barbara d'oeste",SP
01592d05fdd8a6deb7716ed80a0d18a1,ba0c4da87f8b5170876eb429fde7613d,11533,cubatao,SP
015aa1d1ff5524c58b9f0d06f60375a8,7e7382610d6c06ffe9f8fc3ff566a21c,13417,piracicaba,SP
015b2612205bc9e481b7443591eb08fb,df136c686804f763b62d6b3bee85ba70,33913,"ribeirao das neves",MG
015bbed5b941c909ebf091ead5eb2a05,b854fe698a5384ebcadcdabe7ceebbb4,86300,"cornelio procopio",PR
015bf7d488097b3b632e5b19f1c7621a,a4c52e5db22de71bff4d45444508f3f5,11453,guaruja,SP
015c3378ca571c1468e2be925e4dd502,bb38036d665e6ced7fe3cd7192f89b6b,39795,"sao sebastiao do maranhao",MG
015c5e6d8c584992072dd7b69f2fad3e,baad97a77fafd04f72a7f874dd67b37e,3589,"sao paulo",SP
015c9c9ba7524dcb69a8a6d2f383db8c,51855c3f2ea880a51f27afc4b49f660a,13360,capivari,SP
015d0c1d91a5b8042fdc425b5e8c8259,3b9e4c58ddb5c57082fbfbffef158847,96020,pelotas,RS
015d22bc2ece484d2ec7a18dca4bfd66,33e70bd20cd3b69d8291b372cf022ea2,72592,brasilia,DF
015e106d9f62b30e48b97bac868b48e6,1cd312fe8d75e3b57e0a9c58eff50090,6710,cotia,SP
015f98a7155c15075a5f77a37a8205ed,d2e995b81ab48e84663e3d04383cb3f1,74645,goiania,GO
015faf9ec36eccd957c0f2782aab09a4,dce323533e45e74d215e0fe7fb114118,24710,"sao goncalo",RJ
016025d2b068f90498479376f9bfcca1,c5365631fcd0f5ae1802e798e1b7d692,81935,curitiba,PR
016112a43e0319656ab0b25e1d904171,66eeaaa6c61aee3fe0329bb54017a3bb,6786,"taboao da serra",SP
016187b76ffe3a8b7709732077de2fc2,49a46a9ac7e72f7ce9e2a6007f4d33e4,31330,"belo horizonte",MG
016199ad9f839e5d3e578fbdeb6f227b,f52326b181b36e2a37b8a0419b4d7f54,21011,"rio de janeiro",RJ
01621ab81b760e6e48e8eb3a300c77bf,7cc783df9242724b3978ad4c65051413,4296,"sao paulo",SP
0162379b4069e08e04a6631bc3e9f4e7,61e89797032f79e1fee1c00caf924fd3,32280,contagem,MG
01627a580ab45fa2f81561f3a7bb1d93,e0b2ba129cb12758796556b90d86cb21,37110,"eloi mendes",MG
016287d04d40c3c1c9625588b9fe4602,08fa6e593b2779c2d3a8de886efc5d9b,6330,carapicuiba,SP
0163303a840691e9f9378d1e41f4849a,2db30afa2e791f20edcaf11c2522572d,60744,fortaleza,CE
0163a9517d96e283b1a883de0e71c826,243bf34f2f9c8c7b941e3ad4783a4b10,13070,campinas,SP
0165051ac7514aff1b132007d915622f,ebfd11f20986b88de98c61d9609c569f,42840,abrantes,BA
0165da25e09d5c73a6d3ba6443d202f3,f01ac5999f4a605533a8648ddf717b7f,35054,"governador valadares",MG
0166c4ebd26a021fe864a0b91761f50f,c3e6117687010fa03915fb7f58a03648,15130,mirassol,SP
016784346c1119828280815c2c6dda98,db6dba0ae8da3602079c244f669fdab2,14200,"sao simao",SP
01678728396c1d107b1da8e70cd63423,8db2896e35e735bdc1b49059eb94f606,24435,"sao goncalo",RJ
01681beb55e1150f18db54277a5508e3,ebf82681b73717d19634513f5475db9b,28630,"nova friburgo",RJ
016890b20bac6cd8155fb02cd3ec3e44,618753607eae5ce77280f5a82a2a730a,37550,"pouso alegre",MG
01690063395d386d320ea8f5a60cdece,a9fbcde432c048fe5741d2c14006640d,65930,acailandia,MA
016965c9f3a690af0314cdc8389c28e5,bf59acdae64e9900fd93e4847baa1978,8080,"sao paulo",SP
016976e1a8808cdefd68c7080e3899fe,78d728237c4821f25508b773d2dc1dfb,4176,"sao paulo",SP
016a3b5b3185854fc7d9ac763c825494,0f6c3f9062923296b68c21ff8bdf6b59,13808,"mogi mirim",SP
016b15d60fe523cbfb8bda340e0cd769,6565bec16e94ea6cf4486738d50c99a0,4564,"sao paulo",SP
016b9c55722fc080b0cbf76d663449af,4185a980aa805f27e1191f57e53bf2d5,72015,brasilia,DF
016c54a71587052826a1ce53c8c6b1d5,d06b22dca368b029778978fe80ffec43,11330,"sao vicente",SP
016c5c3fb572754f302fdac24aa9cfa4,c6bb2e116c8ccaf3738a685ba174b675,50721,recife,PE
016c933a6a74ad49e6e1858462a7ae4d,c0e225d0df8cb735da2039aa8a6f4cd5,13468,americana,SP
016e3f83ffd18b9394a289a5897ba461,141d57aadf94984e72de1bd1cc87c8ab,3578,"sao paulo",SP
016fb9a9ab3b0b9f1d9e7438236b3fba,a7740806da4b66c8c4f1c8521c29399d,30690,"belo horizonte",MG
01709d66652d26124875777dda46cfac,fbad078fcfca26a3127967e603b94bfe,3407,"sao paulo",SP
0171707ab8e7ded84018d1172aa33c51,1648c72f7e1465cb7e79420fc9e91fc0,20775,"rio de janeiro",RJ
0171c99239a82a0794fe3e4016a0e629,c27c0dc7daf5a28528dbde632b120c11,13573,"sao carlos",SP
017245b7b19b3dc589ca95daf778253f,dc8ffddddb55f31312cd73bdc6e29f16,83880,"rio negro",PR
01726eb77399165550482a7037fb6a1d,f8bf0d2eba6b6a3ddf735928f70922d6,20521,"rio de janeiro",RJ
0172748409ef8a6fcba0660cda36f38c,f561632522774ab728bb93f8f3ab5e61,88058,florianopolis,SC
017395cf7b4c0be4fa72650f0a8184ed,10e49a12540465d3141f898aeee0a6b4,75800,jatai,GO
01752e42e854180a9dac35cd803f4e33,88b3be89ab356e8203963d19312d5660,42708,"lauro de freitas",BA
01755c16c986d88fa552ba8d7da81876,6ddc1326692756ab6c0ab86345bf37e0,65500,chapadinha,MA
0176d6c1606400bd49c88871e15839bb,e359c198636cbca8537e6c073d2d9551,24421,"sao goncalo",RJ
0176dd91cb1143804dd30b2f4968b23a,a3fb9034662b9eaa79ed63a94b03a48b,30672,"belo horizonte",MG
0176ec1982f9f3aa628de3a506191769,cb97135458c20106bf438738fcc09f08,20241,"rio de janeiro",RJ
0178cbf093400335e3d8fd88851e6bf1,a52fecbb34bbba7fb780daa728e83204,35585,pimenta,MG
0179f2f4c32e0b0c2a4cb0d57e7d5a26,064fb6f70338688d1372235d95d92ff7,22723,"rio de janeiro",RJ
017af68734338e58b5925665038650ed,523e25fb475e982925556f0a363e7891,22260,"rio de janeiro",RJ
017b60010b64f28dcc98161205bbf51e,fa1dd6178e738a81cffa3efea1cfe827,6411,barueri,SP
017bd021539ebd414e15ef9aa11301ec,face788a13897cabb1be5fd1fbb2f468,69042,manaus,AM
017c416d7047f02aea089e0ce017e7bb,9f8644a89f967bee539feb9fc64a43c2,9450,"rio grande da serra",SP
017dd3798ef0f401392abdbc129d78a0,cfd8e25e492965efb735946dba2f2daf,4844,"sao paulo",SP
017f022018ad01373771ddfd46eb5dc6,96b46ca1bd600ba39582390674b568db,50020,recife,PE
017ffa5794b42a3527159bc0aff69a62,7cb652b87791e9b3d5f7385fef432b63,83085,"sao jose dos pinhais",PR
01813ee9f6884594643a63fc9eaf76a1,d4598f80bbe611f529f578021c1f7a07,14802,araraquara,SP
018150959151a39894d01128bc358aed,97e42e3e7b1f76dd3c04a0aac41e3173,16130,"santo antonio do aracangua",SP
018184ac5f52a821bb00f3ef21d75799,54fc4ff419d5e05db5fe42906bc3da98,63430,ico,CE
018346fb20f70801a88a7b8c6dbc2e31,ead836024f59595707c0fb51d9c3463b,48800,"monte santo",BA
018445b488e6156c2fbdf926808d7228,61baa5b648de033dc4fb874199efc3a3,1523,"sao paulo",SP
018447394d87c7921d8ee1fb40d91d90,c38af0f4805b67b05b7f6687846d139d,95088,"caxias do sul",RS
0184a596785fae3af62eb04f7c4221f4,7cf6ad5293836d05e22afaa6accf18bc,30140,"belo horizonte",MG
018546fb1415356fd93cbd77a4338124,eb1dab35f5ba80585bfcd98655da9bbc,52070,recife,PE
01861d47cc473c84cecc3781619f6924,97e7943c5301d311f4a317db77a54dec,71015,brasilia,DF
01866d949d55c81c28d255114948b72b,7ce5c1a457d7d23a2fca222d8f3d37e3,4911,"sao paulo",SP
01870df5434a15efdf52f02d895d3931,9aa566e69c1e42fa9a801abcd8a2993e,63250,milagres,CE
01874b138de5f4447517558ca0d1a3b9,7eb97a6a454479b6ca97f6928368d236,13060,campinas,SP
0187f8ae367bdb9efa1bb10c65145b61,fdef3417d316c5b0a55584ce06e96448,28030,"campos dos goytacazes",RJ
01885ec83523a343957047b0c6fa830a,fbc80b4ae95e3dcd2cbb507ac84c1b99,24110,niteroi,RJ
0189d5af848e550cb6e4e03419e13e15,e67bf61480d4ac433bacf42a874f74cf,65609,caxias,MA
018a1c3096d2b2bf4a869cc213c03345,f21b311edf78359967c818edc33d83b1,9751,"sao bernardo do campo",SP
018b4fd25720e7fb0de00600f3aa0947,8c5a8945bec366bd1feed207d19e9730,14802,araraquara,SP
018bd804612e66267d4dc4ac8f8b98c1,7790c5e57083e41620d71f9824c64eca,2436,"sao paulo",SP
018bda31a2c6bf06aaa67fc91f63942d,2b5ffb4c42d26e466ad575ecce365aa2,22790,"rio de janeiro",RJ
018c66db66454034193517ab79423f70,afcf95b63cc76b26655dd5caaba3f2b4,18078,sorocaba,SP
018c9981e6704cf8fff79db3332a12f7,ff01a1330fa29f94b4d69e4259f6f3e2,24934,marica,RJ
018d3918d60c2e821b654b8eb4cfde55,2d76a299ed106e5d6c3ad726c1397376,25070,"duque de caxias",RJ
018d655fe703cb7b56ee34f117429789,1dfbe9b49e39fd37c822347870ad76c9,11040,santos,SP
018dd62c0671714cdcb377ee17e2110b,50d2c24c89002a405af197bbc03852a8,9850,"sao bernardo do campo",SP
018e70256a4328c4450b52947144f50b,1cbb5b03889e8ebc10c044b0be3b1c03,4118,"sao paulo",SP
018ffb868962388b3ac93b203a8dcbe0,a00921a9052e43763c4a7f1a7dbd7f18,88385,penha,SC
019017e9f8b2c0e399f1f00e6e87f306,9abae9882c1fe2471da597f874c3e09d,4709,"sao paulo",SP
0191e09197e54ad2690c3abd44723c7c,1c9c388b08a7e68a20cff3c7b7f2afe4,4783,"sao paulo",SP
019200fa574c9eda0fbc82c71fcc8fbe,7530369a1ddf13882910895b0559423d,3951,"sao paulo",SP
0192827582be43c2180aee98a48933fa,031cc9f0c34aac1349d8a7fca3814d70,20050,"rio de janeiro",RJ
0192b93a11b1f588d6f19888b82d02bf,13784315377079cd446a18c98dd70591,28035,"campos dos goytacazes",RJ
0193c07a4b8a38ee92bdd6535de468d5,54732c804725f94304b9f2d1107a3d6e,88020,florianopolis,SC
0193e732775076a20ff2fa6fed46513e,f3de50f48e26b4ae2b1ae6d0e27e1629,96170,"sao lourenco do sul",RS
01945b2f58c2f472fb2a5a582f8042c0,2d3a722643ff7f24e3e70952238d0746,97753,"capao do cipo",RS
01950e4d4d0f0f8561e721ad5c8b0f9a,9de756cc22c1ff1352e519c5e8ea206e,36013,"juiz de fora",MG
01952039ba4abb6c459e7b6d62a69d7a,7f8bac457c1d938d234436386853ed53,78890,sorriso,MT
0195699b3388a65b55eab3dd04f48d1a,09ecbbc6902ae2add46294a42e3a59f1,18611,botucatu,SP
01961d1b276640f460e6061e7f28873f,60dce986762313a6e0b5d1ff0ecde379,2936,"sao paulo",SP
019681cd120e7fe89ebdd06172639f58,32b55e3ff7aff85f38bd91db0e006b30,78600,"barra do garcas",MT
019689350fe9ec51d6d9fcd76119e2fa,ea17179ea9cc9d0c8e4294504b6339ea,9861,"sao bernardo do campo",SP
01970508b13705f57b760db5f8f63217,61ce0c821dcbe4af94bb523ee77f72ff,72460,brasilia,DF
01973489089879f533dd627cad53e7e2,c9ad7084604c389cbcb85ba60d8a157c,18510,maristela,SP
0197368f9bed3b6ac07506404f78a155,905c02d92e9093133b1147786ac65926,3057,"sao paulo",SP
0197df52c22d6ef0aa52ffb63ac80404,ae3b415f236744102ea56e54097f16f5,21750,"rio de janeiro",RJ
01980baf1c23e7437caf43ce20455d0d,05dc31852040e5e6837f220db434be1c,22780,"rio de janeiro",RJ
0198441fd94fedf81ba98683f6449a1e,757748a61826463bff1c7a8279ff6b1d,13940,"aguas de lindoia",SP
019874e4746e94aecaaa9494661b9f26,6b90870791b88e4300c3e15816b18660,35701,"sete lagoas",MG
0199164bec886c94218205248559d7b6,90b1c133c701d73bea3f50a1d78730ec,13333,indaiatuba,SP
01993877990b2565abd4e3d741c45b79,9e6890852705a77f9e1ad72395131f27,30441,"belo horizonte",MG
01998a22ca4b0c83aa13f2e8bec67c81,1d077f9fca72599b35fd98c617d458c6,94818,alvorada,RS
019a09b9518cccb899cde6033ca0af68,6ecbce93c4d87e35407f2ae34725e341,29175,serra,ES
019b7076acf0ef17a372c02e8b170cb4,1077150be9a3addfe85f0b44a1497c89,14403,franca,SP
019b7b400189d67c8b75754edd1919f7,b25a21b56a2d74da49e04cadbc9e0dd8,41705,salvador,BA
019dc2cd7ae165a706dd249829e0e1f1,5e8a254b9d665ce56e2d404678560ae7,89112,gaspar,SC
019f5bb93ed18dd059051c3f81abe394,e374cc2cc1cb40c3dd3bc070a13665f0,9896,"sao bernardo do campo",SP
019f698e086a468627af26baa7babf16,0fa57eed3983b8be7986bb7c3c2c8987,1240,"sao paulo",SP
01a0d45a369a4356ac4652584652109a,611110d26326c28456ebe437516be00e,14806,araraquara,SP
01a14c29b06fa1ecdcfdc1b0afae799c,ecc6e5e96fe666e11c6a983d667121b3,29090,vitoria,ES
01a1579cd07b292799675eeef1e9561c,8d6097a076567b93aead8d628a814b2f,35440,"dom silverio",MG
01a29eb8e6d484de55f3d2a9d6b7bcbe,f79825029e2a25c3196ee34f87068317,99560,sarandi,RS
01a2c54f25845c02bff35dbbb7d32c77,1f4336c3226edc8d2c691509a44ac5d4,24130,niteroi,RJ
01a353696002ba824955de7bfac767b3,35203809e988e444407e13fcc4789970,14820,"americo brasiliense",SP
01a4594fa7dbf53d2569e57173df6895,8d4e7986a8ba9809d1cafdc9e879dc6c,18025,sorocaba,SP
01a4d2902d92369350f7ea71bd0da273,7cc17dba063e1c6361e5d87b78b619d0,78030,cuiaba,MT
01a51dab2737347e9b62bd2616a16d22,b326e628704a6e2662dc4471885fe112,97513,uruguaiana,RS
01a52718e4ca43d2cc1da7c9209a6325,dbceb1472a69b0b7b0a56d0b9c9893f7,11520,cubatao,SP
01a56495d1c8bcf831311f5ad7f126a1,5733152cb1f37713b8dbe91142bcf91b,13905,amparo,SP
01a61e75bd333a349351fba370520597,51498d611c600d2fbc05374a3928cfb2,2475,"sao paulo",SP
01a62912967c457c51f60e42eba81aab,5b2c769a6c6475aaa3a8c17d0a2109c6,25975,teresopolis,RJ
01a666b8081772ddb748b5aaf9dc8bea,8fe6dfa23d20bc3fffcb67004c992d72,14808,araraquara,SP
01a672f8689f3c466770ff1883deabe5,6e2fa574b5d96d05551f67cff12f7a54,4821,"sao paulo",SP
01a7b4df1b55e01c05863134a5e587be,ebb8eccdc37e9f5778467582ad9a78c9,4523,"sao paulo",SP
01a9cf1ab208a3ce5a4cbf6d5877bf49,c7472ec1990469475b1461047092f5e5,6725,cotia,SP
01a9e6a66ed15bb3c5b3d9abc2e046a4,2fd8de3e5ca34f5108d291d666c1ba58,88307,itajai,SC
01ab41094bdf6a489a201d86c7578f3f,790ed9aeafa0852151e9bf544cceb8f3,96212,"rio grande",RS
01abb8df2f71f7d6e087c28c6c0a8f39,d2607f7f7e7ccba8843abeaa3e5dbee8,57030,maceio,AL
01addb430c2559dbef0010ca1d4b0989,0ff9dbc9ac3b7763d79c2c5943145dc5,3077,"sao paulo",SP
01aed44f9b372a8b9a40201cf7c155a3,023626329895d11d199a1bf57dcbc546,82320,curitiba,PR
01aef689891025af290bbdc4788d87da,1f8b38300bb7bf1d1e94ce980a02b550,9270,"santo andre",SP
01aefa3a069cf73167ddbe7725755c2c,8d6edc318022d1d2b7dad49d0053f295,19700,"paraguacu paulista",SP
01af5e81cb5ee5e0864941d3aa58fb0c,3aff962425ee4ca6274c99ed69730320,4313,"sao paulo",SP
01afc06d7738a5a4b90959f387073912,e75282eb4f2eeae963ada3334817307f,2611,"sao paulo",SP
01b0099d07c9a887f45ad0e29342cced,ea45b2b884b7d5ffc685d0aed6e9a11d,88132,palhoca,SC
01b29f87009aab9f829369f51478168e,33985e3a0d3a60bb7202e818fc6cadb7,83609,"campo largo",PR
01b2ab1c903b4ecd0442a3ce48d89caa,b20060de6cb6e49f4fbcf32a9effb25b,7272,guarulhos,SP
01b365dec7627509427c5503e029464f,29bb913f8dc41dfc1da7a18e7bace3a5,4845,"sao paulo",SP
01b44b1e958a6a9d32db09ea5a1e77b0,12d8a9a629f690057612d933db48b895,94853,alvorada,RS
01b4d8edfd68874d23092c8fcb6a4edb,2cacd7fae2b96034c23ea93b5996cb17,21862,"rio de janeiro",RJ
01b6593aa123cea222a7b4c18c3e6961,e9063e00898d88b25add862974ee6e20,64280,"campo maior",PI
01b783aa8c0944d07d43b8e2039867e5,69adede4ae3342d2f37dce509635c95c,59300,caico,RN
01b7e319fb16f60c28e387d29cd80c38,c029b1b7cd441ce9c808ccf6897fcff0,4006,"sao paulo",SP
01b8c0cf86a1a5e8653ccfddcf906862,55b73a9973efbb5b662d96896b06f82c,91787,"porto alegre",RS
01bb4e5dc779fa3f09a2c2cdf9561f7a,17154f5ffcd58c8389049f763e2c01c9,23535,"rio de janeiro",RJ
01bc42b3e58ab446f0227867f665b127,5ec88e298986ab10dce912388675740a,81560,curitiba,PR
01bd3cc201383c0055f6b128fd089f1a,e031118eb65330b4c180522f2743cf51,98590,"santo augusto",RS
01be2c0c2d55c597b5ec011e26e4b0d1,0b3dc7efaafb0cf78a4796d42fa8d74c,22410,"rio de janeiro",RJ
01bea2d6055eaa52f2df647590eb85e1,a71c9b34d70e8c6bae2151f4881f5253,13084,campinas,SP
01bf509b5a9125bb075e4ec58580265e,ee268d2ade52c10708989d0bc2a9c277,13045,campinas,SP
01c013b2259ff571bb7481d62fd96e67,d2727a1a6f02df0ed8cf0255234b4ada,74650,goiania,GO
01c21b9e3aaa1a629149d34fe682ce0f,dd9b5ff85c3d0ac8b89852b04ce43306,4080,"sao paulo",SP
01c2a51e4844df386c8bbd058978052c,d36b724da4955220c092763d397fe528,88348,camboriu,SC
01c3c12496a8c26348d92873da95448b,1bd079614e3083a1b77785498c216420,83025,"sao jose dos pinhais",PR
01c3dbf3c719c3788a4d7db4bd8ac0d0,5b75f782d337212affeaede9f07b8556,41600,salvador,BA
01c41ead4383471f6ef23bcf19aeb5c5,2454703ec6ed0fc0ec8d9b65c2b4186a,50820,recife,PE
01c45d896d5f6343ae095f6acfc2df4a,c13b742feed8c13ff9a71ba90c847820,13484,limeira,SP
01c5a393f22ed7149432cd8984aa7791,16fd891bc74e8cbc91ba0b6c4d470630,4432,"sao paulo",SP
01c622ea29f8ca6980b1ff07eadff0f0,bb8b45af552ac1d5252391f7c1fc8d33,29113,"vila velha",ES
01c77b0f81a1e64cc8de4f736226f7a1,4e11a713ef5224c1b4e2409ed9a05e15,9111,"santo andre",SP
01c79a7d3c3d25b655514206df838701,c87a62e76b9ddba752d818984e8ed12f,15990,matao,SP
01c79f3ab2bd70b64e01c67a91843303,fe4d5c2905fb936e27cf35ec0ade8403,4116,"sao paulo",SP
01c843a2c0600def0b7693dba47af460,f3d176999f9c1273045f770712608944,8810,"mogi das cruzes",SP
01c9d951957a4e8c098d7ba50e8a3f9c,38019b1f69a4650e3a47d014d3e7ef12,2082,"sao paulo",SP
01ca0c5af5349f53a4087605008e9134,a6613158ea14aa56bfa17e0d5181a735,13206,jundiai,SP
01cc68904d33964bd2e7bd52d10efe18,1d15c4b479b85b74daf5f6742dd3d05d,1405,"sao paulo",SP
01cc7e6d45686f8424b65459f6fb8caf,081da3a79ed883f702a083f1e963900c,6172,osasco,SP
01cc8550598fb6140923843e6c06326e,372c5519d40e30b96734fec213649f25,38170,perdizes,MG
01cca8f48e415e8612b70b1c5ee759af,ee226c6ced4b9ec3a0beebbd59942d69,49048,aracaju,SE
01cd1ba7ed9bb74360ae8d7b03575b2d,3ae3020ba7a772196e5f1368d175a65d,66610,belem,PA
01cd4f08b8b1bcba4125cff64d2ebc94,74f1d1f487534183c6b5f8abc0aff7b1,72669,brasilia,DF
01cd5f54498033a3b4820866458145e4,3f67fef59c17078c2143f42c7978bdac,12010,taubate,SP
01ce9c8d021371142c40a9523f58bcef,4023f2039151d32536b10b3e5c0442db,81510,curitiba,PR
01cf93cabf578892dc3217e6601b0cef,36131d4506c2e4393ce19a946cd68239,1548,"sao paulo",SP
01cfa5a92a4710ae73e1c622ef11a7f2,51ef6e7aafeef0f6fc9fed3fdb768404,57520,maravilha,AL
01d086a800f69d84ec98c276bd44dcc6,e18182c0ce568de398acb620835e9710,9210,"santo andre",SP
01d190d14b00073f76e0a5ec46166352,2e5dcf79b225e8d1673671db21933168,2925,"sao paulo",SP
01d22419c452ad55702fa5a9a81a4423,1572056796a130cff3aac889df5e2939,18604,botucatu,SP
01d238a78a68c0b02c73167a63f05f9e,5bb37d32974345ca14be2984fe1d5b7b,74565,goiania,GO
01d259010afdcc421652fd14d9ea6d6c,e24fdc72d520d237279a174651401f64,24120,niteroi,RJ
01d33ef4c346ccf41a296c1292922cb8,64e0a2c0c237ffa49416d01334384f7b,31710,"belo horizonte",MG
01d37fd98e7840efad07c60bea966fca,9ec871029fc7ab7e5085f70ab3209a0e,39750,sabinopolis,MG
01d3b76b3d6604372075f8f2437b551f,f226f3d81fac042a2880b9d8253c7887,11070,santos,SP
01d443a484536e8a8c520f79dd9f6ad4,c7a71f7c54e8e3cad9f4fedeb13f45af,89820,xanxere,SC
01d444480a8e7ed180b6c5cb5993a273,7ee80de1a077e0aeae1783715ec36476,6900,embu-guacu,SP
01d46d05097a25fb0d755e86ab3a6fb3,cc0a20a60b9f024e1dfc45b4e0ffd444,3086,"sao paulo",SP
01d53422b075158678043b0c49b83d66,2e24305305928054deeffaa38d2ea563,27276,"volta redonda",RJ
01d581c1d75cd6e7a5315b20589b9944,b5bf139e95255dcdc5eba1fa8e4ff98e,3324,"sao paulo",SP
01d5f4b8ad0b26863ed1d231a7e067e9,2905d3311b2a67382390f97d14e9d7b1,79041,"campo grande",MS
01d5f7506a41927955ef41a530329c30,ef13abbd47a1708370f8df7899582a16,38440,araguari,MG
01d7603b563bc426e2eda5e0677e714b,ddfc56800fa6a7ebf02088a3bde471c8,6050,osasco,SP
01d7e86d9cc4c847baf866cf8f0d0536,749c9ab52d7808c6cd6ea8a6dd960f55,56302,petrolina,PE
01d87bd7900fc721cf5122c47b1d3a71,42649711a50f087d98d6128339e65899,84500,irati,PR
01d95b948587656bd900ca5e00983957,731a127666e5bc79810ebdc48eeff385,5531,"sao paulo",SP
01daed34d823dc01dde342ce1bf38fa3,4923da242e567feb7c946681a3b3b051,2441,"sao paulo",SP
01de8fdab9ccb256665253dab73c1509,6af4044a36cafc05bb7c43494a3fd874,23056,"rio de janeiro",RJ
01dea2b11c15fd0f99bfc256d288410f,9e111e7c220010fb2693d4821c01a325,78690,"nova xavantina",MT
01deaf187077254cacc4e7b4d9d7bf87,a27b2dae72cdb40af6acf3b3389a9c2b,14955,borborema,SP
01e0d4fb731e6ee47df3f3f179cc0a0b,9a47f3ac5c51599a24bb848c16ece5f4,5633,"sao paulo",SP
01e16f5204e8741494af3d5b4c355128,5923c024981ce1b639350a147f4efcf1,13040,campinas,SP
01e2dee0a2e7464a701d0c480225501c,36def45e1f60582815cbf52cf3c33b1f,13098,campinas,SP
01e3b59f83722a3b5c209feddd2a0b84,2fb691b537417b45297b69ac3bb59fe5,80530,curitiba,PR
01e44a7a40e6456dfdcab17b65106fe4,fd8449e3a94b6acf9a684acd1b2aded5,88090,florianopolis,SC
01e466f5fd2937b4ea4a18eb9963f9ea,7a59e6b746e01c279424d73675d3fe8b,14500,ituverava,SP
01e5b020d9c4f26539154b00f632e3ae,e208c1565f7dafbab63310a957a68174,22461,"rio de janeiro",RJ
01e5e7553c95f21eda0aaf0da6e0e4d1,02da4d32a2cf298f82d850d77481da0c,8710,"mogi das cruzes",SP
01e77dc6abe6f9991bbf5232b5c22d2c,9db3d2eedefa53d6ad2e79cf069ae021,7951,"francisco morato",SP
01e8d5326e968623bf4f1b620709c1c4,6888ba03f09a0db7f9511eb287ed410e,15025,"sao jose do rio preto",SP
01e92a3b160b9a3751ffc7cf52dbed77,7ca927e2dc1febee7484b42dfac3c9d3,11925,"ilha comprida",SP
01ea4160e63a7ce5101967e07ddf4c18,be33ce67f6c02b468b94afa895a955fe,34800,caete,MG
01ea69b195809e2a8a932de44d8c0f73,f8225ebff85ec458f5ccaf4adc3d2dbe,11628,"sao sebastiao",SP
01eb5d87b91efdf894ea8fd03ca2a188,faa7e7f203cbf27e147b9c293b51872e,13820,jaguariuna,SP
01eb75533d0297e3a47f6d40e866455c,a9cb618eeb277ea66ffb0681cca2a504,90020,"porto alegre",RS
01ebd22baace52e484a1c52ff136ebe1,903db28e56c4f89d0909f6e8ff7c6050,11703,"praia grande",SP
01ebd7292a8ec3c547e0876d1aa4b3db,004f84d065096f3cedd26cf0adc80b9d,13040,campinas,SP
01ec27f833d99e889b944c5112addff9,dc316d7b72678f31955bd54ee0b4f58b,11065,santos,SP
01edba0c1380aa0c91437bee4b7193a5,321606e7fd388f26b3a6ab005fa494f8,14403,franca,SP
01ee3674cbbee7421ea03a3549f0c74d,6b7d9529319d329dfa074692573fb187,58040,"joao pessoa",PB
01ef9a979bab9ba62386d5abfb646cfc,59e9dd50f3e078818c2faf3de321c6e0,90520,"porto alegre",RS
01f122c4617c17afeba8f9bf49babfbc,9e7dda935aae28fb55d7170f335e9826,86046,londrina,PR
01f19842d7bf8b1a9af62d553807e88f,0a400ccd12c23c9589eec8082be5261b,15370,"pereira barreto",SP
01f1b8e88d206e16909ed8c49f480e9c,97b656952c141330986da2cdc4d55b7d,86900,"jandaia do sul",PR
01f1dc6000f77f9b0807f01ebde9ec12,5cb2131024e4db17c368c812dc4b2fa3,22743,"rio de janeiro",RJ
01f2ee4cddbacc178ecf73bded88abab,ecf2beb50aa1735749335ce3a3bd6806,57313,arapiraca,AL
01f4581bf20e14d770c5de782d7ee783,2a07bb527e9136109981057d48af3924,13564,"sao carlos",SP
01f57b226a3850a260e40698c2bd2fd6,35795927d35685ef7d5bb2af5c66f1b9,75113,anapolis,GO
01f5c92b138f7260aeed5a7aea4d0af4,2ef37525237ec4c3dcac01a5b940a0bc,98930,tucunduva,RS
01f619b964e6c75d7a6e529951848001,11306fd95d7609c636b6e375f81baeb4,35600,"bom despacho",MG
01f7155995c6d4cda4fab4d36293d80a,a74057eb042b356fed179ed2a6d2311d,83326,pinhais,PR
01f73b778c4f92ec0b55fa90e306d82b,5905f06037102e84040dd9b40e286d7a,79051,"campo grande",MS
01f7a6194359c08da2d2c27e1b52101d,244a120d690cd6525b6ada0973d9b07f,5541,"sao paulo",SP
01f7aa57edc08e2285a8564127cf61f5,6ed628057a5c2de01ff0ae9d58899352,58071,"joao pessoa",PB
01f7b7a4e25cda9ce48c0f7263f7452d,e55fbf4f9ca883b98aeaa2b149987027,29400,"mimoso do sul",ES
01f7f5d4ffa43c8b8d2ae6c7628b0aba,f906de91f4e609f51713929edadb8fff,97060,"santa maria",RS
01f831a3745969dca7b974014c4d4344,36fd23d5c40986f79525271e5e980310,30170,"belo horizonte",MG
01f841d4c59e8b7634174ef72a75f81a,bdc98a892c4d5a526373afd38afa53ac,4138,"sao paulo",SP
01f96fafaa1d1e365ad47f54fba4c106,5788b89c1d6ae5994dd642df916ef589,47640,"santa maria da vitoria",BA
01f9be48b48de8870e94f9744bd6ed7b,fbb7bc2cb19342a739f67026540ebc53,78068,cuiaba,MT
01fa00e0304cfe9ec92334b323841744,618ea9a8cb3ce57899efbd62532ba6e7,36201,barbacena,MG
01fa120273bf003fb142073c53b27e86,d6239720d4707e301f1ff0c3e0533483,41207,salvador,BA
01fa32b1d1151078cb954b286256df42,dccd1a4751f4983ea37c63167df47a34,17512,marilia,SP
01fa535b377b96fe00287149f6f01441,95a21b7f1fe129295660f6d6159eb1c7,28680,"cachoeiras de macacu",RJ
01fa97994accc8a76cd66d477a124ec7,582183483d33018384b309d31c45f353,19360,"santo anastacio",SP
01fb2aa709b6a7a424268503d97fc753,08bdc46497e4aacf80a1ea0aaf9b3dfe,23870,"vila muriqui",RJ
01fb8712cdee539fb967502da4217019,5209149e0cf2c52fb59b187ddb43416f,22451,"rio de janeiro",RJ
01fb955db98cde5399bd9d21e88caa9b,f653353094455f08debb51d45bb3cdc2,89600,joacaba,SC
01fb9c979f94a851f92484ae6d6bc41d,2ce5ab213c50be66dd4b323e0cdd09ef,15780,"santa rita d'oeste",SP
01fba1cb73bbc4533bde8318035fa9e7,4080c1ebb0a347ae1cdc497e54b2e886,20081,"rio de janeiro",RJ
01fbee52c3fc5a8c9df089a6b48ec60e,01cf555dad51551a56a1bdc9fbf2acd6,25510,"sao joao de meriti",RJ
01fc05160cf790b9ed54ec795ff07688,225e63e9d240db566203b1ed918a809c,20760,"rio de janeiro",RJ
01ff2b68ecb885ebd063584cbde546e8,d4536235847d763178239515620ca074,13602,araras,SP
0201bb51c671f43f4e581e5c3fd5eb55,6a834ffa571a333c7e753a72967c3456,27943,macae,RJ
02033fca76b4af0eda65418e673b5a57,81db097ffce4bd958cfffeca7c41e301,5061,"sao paulo",SP
02035a6c43039fa299e0492df023bad2,e81e9d35d842afb8fc184b1ba90a7a74,6526,"santana de parnaiba",SP
02036d14d9326c01a123bd83626d48c0,59d8d1ea35c02a6a070ee29944b0ea86,22773,"rio de janeiro",RJ
0203e70e371d45dbb6db12bdc49cd70c,330692f22ca30749f72e552e1d3e003f,3322,"sao paulo",SP
02044ee0862ebaf88a067ba1f74342f7,60628ba652c6c0312d4306f8fb66cacd,27340,"barra mansa",RJ
0204531aef74d85df77159315dba211d,1113b3249a1c76053f606ca1ab1a65b6,9271,"santo andre",SP
0204a63d458a2d9495e82ab5ea7fe40f,817a088c8362cb5814377a31882ec667,14030,"ribeirao preto",SP
0205014bc84053ecae74d11d89f35f3c,15c55096f55b5bfe2ac3a08ab95b807d,37137,alfenas,MG
02051904557f3bb3741f7b233dfc5ae2,094d93181d7666535298031625418b08,9831,"sao bernardo do campo",SP
0205715514ce31607e0438aa7421f189,1844b7d5e904e6b39fd4518e9c4da815,36507,uba,MG
02060b47874e560f104dad93ae22e6f1,2a6f1c54c079bb319508a8278df9febc,54250,"jaboatao dos guararapes",PE
0206228d8670e47531b5d33d7b79b82d,1471f54e4f49d70892a2706f71293e5e,55641,gravata,PE
02077904459251edd6b421b05fae711c,bf729deccdd7983078c35607bab21a40,22231,"rio de janeiro",RJ
020781297fe6482b10c41bd7a105d508,d999f31460508136a293f6d71c87e5f5,13347,indaiatuba,SP
0207ca7dd6d2be6e08d8467651759bdd,26fe58cca8d12c853839d4e777a1844b,51111,recife,PE
0207cb4b78c07d93bd1a82443c2dbaea,56c6c0d4f530ead7bf112a82eb588b62,11680,ubatuba,SP
0208fd622f545ae73dd1fc6a1a500ba0,5e60ffd01d4c0c241e7492d62a6b19ce,96010,pelotas,RS
020a406d49fb26441c5cab66fb8309bb,ee62d5fbe74028c95e30c8b3ba740c62,12950,atibaia,SP
020b0645ceac44c1ae2de1ed2bc02b54,2efee2f8716aa601b9b98fc5839e8f7c,36660,"alem paraiba",MG
020b5927efefde521078d6db7ef0317e,d20c006baf398a938c2b1fbbf9aa9c54,23060,"rio de janeiro",RJ
020bc050aac2baa5e0d1b4ad091ef35a,95320623262e139f44350f1610a7b77c,98804,"santo angelo",RS
020bf372f50fd24092ba34679cdfbc9f,2d013009ddef21774b99911e4093a8de,14805,araraquara,SP
020c3bb8476e9193550d4c308c1e45de,ebd5a8b2f2a2cad0a82ed02c86d3ac59,88131,palhoca,SC
020c87503e1eeb262f17c9e7c0b556b5,541605c030a175016e7f070836946584,3660,"sao paulo",SP
020d4e12b05970e098dff43d6589d7e2,b7127bf565643c3a29b42c1e2d309a99,30240,"belo horizonte",MG
020e0c200a053638412950ba455d5b37,2a291a6dc988237ea0cb11e183bd267d,90470,"porto alegre",RS
020edf80d85585b9ccf1c48396ec32aa,df27c250c1f69adb0cf75d0342814ca1,29306,"cachoeiro de itapemirim",ES
020f4af7eeabf986e31eb7ac4c6597cb,55efe0d41e47d41465ea4fb5f8badee0,17032,bauru,SP
020fff139f1af3a6dff28456f386fe2d,00705dcbc0b9cad67abd658612770905,1151,"sao paulo",SP
02112377ff79f99b7c925ff46dbc2040,9663857b4cdfd97ede841aa5622ec017,13485,limeira,SP
0211481bc6a8abb8fb636b2309bb9931,586ed45ee165fde92d19ce4a4310cd1b,98910,"tres de maio",RS
021212b1c2f127ec287d99fa9f6346e6,1b86bd501d916b3c67a5dbfe7f49af47,5410,"sao paulo",SP
02147933803d610875878623ed98c7d1,024cf57b6da1f225b8b130dcd9093af9,9181,"santo andre",SP
0214d81e1cb90cf47f40f5345a1a6c08,3eb2432c10c27f0444e15779fb248c88,11055,santos,SP
0215ccbc95aee7344ac14c2bacf19d12,9113bbc10bbcdc498c65fcc1b81350a1,88306,itajai,SC
021633f35ba9c0e00fce2f9a31281c71,8ec18e34153ffe06d30dc77f0f5e06fb,21810,"rio de janeiro",RJ
02179f1b13ecf4531f0e73e24e0211ad,3e1e36d456548cb715d71cfffdc2dca2,12233,"sao jose dos campos",SP
0217db9efc54141e264d17de315874d1,60e125fe877f1e33730083a32f4f113c,6435,barueri,SP
02181664d4e1d58da55ec4e8e1185eda,ac36fa41f71433d69a00408d53bdf950,5844,"sao paulo",SP
021833e9737a1145b5a6e3053f0f4329,18af4524eed79155034a9374880c5078,3211,"sao paulo",SP
0218c9f09de820db4903ff5ef7d27b86,1bbfd085cce379ae5cfa2d47e53501a8,67140,ananindeua,PA
0218cebf93e71536419e31f4938f1774,447323c765a8a12f50babea794075c09,46550,"rio do pires",BA
0218de8038240591323aa1f89630a1e8,77001b080dd723bc9a22e538e5e06e41,6463,barueri,SP
02193de2a9880973fdeb02923eb5fffd,dd6ca4bccbd21803d32139af5b908fd7,71916,brasilia,DF
021987f5dabdb8e550dc74b02d6e2371,6d21443a02f0993b8262cf0da414929b,60055,fortaleza,CE
0219be9d41699276f5d2010b4e758d51,51d91326ffc0688da14a001de38c264b,75712,catalao,GO
0219c0ad1f15c9d6d7fac84ccd3ec235,3778fa7624b704c8630498a2787cfbc5,65903,imperatriz,MA
0219e8c875d04bfff5a49b0555a08e89,8ed5c9e86c5523080c5ca26609825599,23042,"rio de janeiro",RJ
021ccba47cb1118dfba3213180ffb44d,a8bdc0d9ea28636ee0ada5b9ccb430c9,5877,"sao paulo",SP
021d6c6614e8f9ad30985e8594bffe06,726c6fbe626251ddd65b587cc8b57aa5,81870,curitiba,PR
021e1ff95f894f02e2d22bf2b7c96ccc,04914a70baae65c7368c83af08b17c81,8451,"sao paulo",SP
021e3ddcc0581de5bf087b1d87e4b136,3fb1672507c668998549f7c91cbe932b,27155,"vargem alegre",RJ
021e84751ba0ead75b6d314a6ead88d9,9a58c55c10b4eb6c69fb0874d8beb466,23025,"rio de janeiro",RJ
021ed85d23b734289c4dd0c827a3559e,2d6e75f5a4a33d3a936f1ea68ac9bf01,59090,natal,RN
021f73e75c9f89e051b514ddf1dba5b2,81d2a8a1c5bf51b0655b68e07f15e08b,28909,"cabo frio",RJ
0221ef5387bbb856f1b319d942fd15bc,264d1439db36d0bffbe6f70e72e256d4,9571,"sao caetano do sul",SP
02221ce26353d5226d768b03c5425cab,219e4c4635caabe8eed51f35cd8998b9,36400,"conselheiro lafaiete",MG
0222766ad058124916f73176998b8df3,026e135c007282454338db204e44381f,4614,"sao paulo",SP
02228cce72fcd2eb6622b074bc27fe94,966a06d7b193003998f1e41f525d4c83,22020,"rio de janeiro",RJ
0222b08d0816bba0acbcc31ba1d6cc1a,00cdb0d59698da325d0e6830120363bf,18560,ipero,SP
0223b85b1e7ae199e2336d4f8da036b1,7a47a31f913102dcad2ef5b5a2f762e1,29161,serra,ES
0223eb5be9da5ae975225c094452c472,1a0f743333e14aae6b0b8a37bb31ef78,22631,"rio de janeiro",RJ
022422df869df5d9e924456635d9b091,f02d645581f44f57678461d0e42f68ef,11015,santos,SP
022436c15d537fc7a1dd70e6000cbf66,cdaee53ab8f7c1d14ded5eb32714a4a6,73015,brasilia,DF
0224e997c339d3b6edb3ac3fbff60da7,2d5a624ec4d4d1d540d85339c18dcd73,86063,londrina,PR
0225ea6650051752e6352a65f4316c49,7fb1599a88a6b7d15f100b29908d25bd,9790,"sao bernardo do campo",SP
0226546cc4bbdda9dea563ff7138700e,b5d391e8447d5ae0f8b852be83249e07,18120,mairinque,SP
022656ca3adc7e49311ec71751bddf16,52d7d83346b6487aa266df078fb6aed8,81110,curitiba,PR
0227176d396f5394907470617d777fed,38a7a4163d2e36c949153bb5d91f47f2,30170,"belo horizonte",MG
02277211c9842fee492b8e37a17cf0ff,d0b3390ea758fc3db8a00af6c26e5478,81590,curitiba,PR
02286830664a352f63ecd02e620fa897,a88316db56228d4cec6935b97df4e487,65076,"sao luis",MA
0228874050786ca37c963d514a71684d,f475dc24f1a2e37576b20e8c23970543,11623,"sao sebastiao",SP
02288a47f696f3054b9ef1d5f8e73973,eb28e67c4c0b83846050ddfb8a35d051,15775,"santa fe do sul",SP
02292531f73bf941ef5b09341e195e37,f301770fef415a61a88855ab733174e5,70675,brasilia,DF
0229d7450ba7ceb9aee1e3fcc74f7dee,b9128514e102f40787b83ba482a44fae,14801,araraquara,SP
022aad8457b9fe76c22eaa3cbaf5b6e5,7f27ed07f4f3806ca9ae65b97f1e9ef2,22250,"rio de janeiro",RJ
022b1e47fbf658d8e3865c8753bf361f,0623c2d27abb37e8ad0ac4c8328ea5ad,92310,canoas,RS
022bc7ff7c20f7f9343a9fd58bcb3870,2ef9e79cf6bf3c0dac3b48c8dd46259e,4015,"sao paulo",SP
022bdd440f8a37e8ba62d67287135a75,3411eba8bec9143a5c999f80226aaa5e,25214,"duque de caxias",RJ
022c68d559d62cee79d2a5a4bd567feb,c9f05e63d6f7be87c57ae3cbacd727bf,52090,recife,PE
022ce4a398ead1391e33c9899e3e3d44,dc2e4c590a48a3c318d9b126f43b4076,29216,guarapari,ES
022d21be26ea1508038afaa271aacd08,fed8418e3e633e39d474419dc6932698,30492,"belo horizonte",MG
022d2a2e532b92556bf7cd39107fd780,813a625a578851760225edaedaac92be,31140,"belo horizonte",MG
022d8582868c8ee0a200885b357c4208,99d3330ae1fc9b7c7e8218c1b6304904,68503,maraba,PA
022d8f488c8a3f6e686848f2b2cfc54d,ef1cd1e79ddaac16dea245f28550ddc1,48606,"paulo afonso",BA
022de985df50a701851d137f5baea251,30f73ad216db6d159099e1022c2981bb,29118,"vila velha",ES
022e192ec0af0a000a69f29bf633ffe4,92f5fadb37b942ea07696a7355b8d6a1,6454,barueri,SP
022f2413b018b7e5837a20b045c3d119,1dcd131b74251e2fa0aa088ecc7a1d49,54517,"cabo de santo agostinho",PE
022f451efd6098c908265c022c1e06ac,7b11c5009a9bbdf32d5c863946104743,35700,"sete lagoas",MG
022f4d871399246624c353f06712cb75,5666d6c780d86bdc41dbbd57783d0f49,18134,"sao roque",SP
023042a5cd5724a563a100acb1cf89c9,a6aa1df65dedcad75c34bbc175e5a068,85902,toledo,PR
02307143f7dce7b43056056566b8e987,b83249f64d1c5d719ce04e1bc5775547,12032,taubate,SP
0230afeb8b53c8833e1cfc3a17ee2016,f5f85eba34e75daf147590d223838ced,1421,"sao paulo",SP
02328f102511a876aa72a31e2a80ec3d,084eda32e5a95a9a5977273dab99ca9f,21230,"rio de janeiro",RJ
023340b4cc63d20a56d1afa725970627,2abcf8fae9a4d0c9be9efde977e2358e,35770,caetanopolis,MG
0234b5cac2c4d895fdb1ef8d2956c84d,4459c3a9f4ffd945ee9778a7aeec0378,95760,"sao sebastiao do cai",RS
0235a81a0447bcf8bbe8a59e960de5fc,9fb1d9a8bc1e3c025d1761dbfe63da36,60325,fortaleza,CE
0235c7c04d758c26265c6cbcd5f7c369,7e7f782f6d6a81ef26b8948bc4af7945,4631,"sao paulo",SP
0236c91e3098446e2983cbbee1ad96a2,b5500c1da3cc46058821b511d702e146,30330,"belo horizonte",MG
0237d2fa2b48e6fe5e53c09fc74a5cda,ddc3194f4dbd1455cc8722aeefcc8224,31660,"belo horizonte",MG
0238124998cd8eddd5b3ea04d4c1e658,4fefe0e53334d2252f3b920db8df4776,9416,"ribeirao pires",SP
02385ca219b24812b4c7c65818e3b06a,367fc3b6dc2568f3a73ec808beae99a0,8750,"mogi das cruzes",SP
023a2dda10505c5b757b7f9887f5c41f,7cab13ac15c283902976af92cc304a08,68665,"garrafao do norte",PA
023a4933b90ba7307557b24adbe6f49a,29d480bdfb659a36a30c6443ae80a443,15503,votuporanga,SP
023cd48849ba0870ecf5157ad5039ef2,9124f443beec74e545798a0f3977d1df,8440,"sao paulo",SP
023cf83ac35d703a6f3c1b31bcf844d5,5a494c648fde2d1ec4eb614274ea7159,44900,irece,BA
023d1d56f9187c91230a4e8b50ab6fb3,d87cc9520e3fd47ef88f7098e51afe8a,45051,"vitoria da conquista",BA
023f52d000d35a9fa8f4dad675c5e080,d04cf8840eb709397012d6f257450ae7,12947,atibaia,SP
023fafd700dff9fcc64d28e2defe98b9,06c18dc9dc7a01e3322f4e9245dac0ed,4576,"sao paulo",SP
02405cd33ab625b311b3aabe5402dcf1,9696892d2f285e3e3d2c4a34370f2aa0,30140,"belo horizonte",MG
0240a546849fb56346f3f602aac8e04c,7dae1baa2a566d6edf4b5ef4429bea1e,4013,"sao paulo",SP
0241277be857dc59ae544ccac12b3e19,93586b2bc7001c6e37136d73e328b5b3,17516,marilia,SP
02416483450940231fab1109b3bdb0b3,5cca182b7ce6fe22733d3b2f5bbedf3a,20520,"rio de janeiro",RJ
02419e623129afb04b8cc41e737d2702,7de4996fa8526928dbac71c4df1e8727,31742,"belo horizonte",MG
0241bf6728f2c70f948e9a51484d1435,cdf2b2b8c6e87bf77c870a059435a835,3972,"sao paulo",SP
02424d17085bd31f9856f083bb3aaa42,33eaaa609cbb04eea9220db94b1c4b15,14530,miguelopolis,SP
024269ae81ed73c17c4c53d91ba2cc93,d7bef5d7b7ad10603256deacec829d33,45823,eunapolis,BA
0244095ded2a29ca6b15d7942ef3ec93,3b64873f649476a8eb4c3e1b41457391,80410,curitiba,PR
02447d437f30e908a881b92fdca09e41,615922c430abddd368735199c38e735d,27936,macae,RJ
0244fcc0d060a5943dd7d4d5f87de9c8,fb9760235a090e1747caef67cc951f6c,88704,tubarao,SC
024528dfafe67bb6421ef6e6da9adc9e,eecd7a13b230f1cceae63dcefe543249,65058,"sao luis",MA
024679569f0c2c3aac239e0d2ab50b7b,f3804928119930c453551cc4bc29f52e,14800,araraquara,SP
02469bb79cf0096970abae40244a4c6f,235e44672edfd9e6c77f2c69f4bb8427,68514,"morada nova",PA
02470f4de93d257745873d383dbca7b0,bc96df765d670233381b6a7714dd843e,89203,joinville,SC
0247131a2905884928321f763083ac11,9897ab2a9829ddb06832ba1edafd028b,88311,itajai,SC
0247d5ee8ce6628e9cde9ceafd6271ba,f11246878d993752915001976eef86cb,89900,"sao miguel do oeste",SC
02494bca3ed33bad80e43ba0fde023d8,bec53458d5c4015a972c2cebaab5586d,80050,curitiba,PR
024a05bd7b940e8cf5827498ed1e039d,1fd2a9687047f9b9644852f25dc8aa65,13049,campinas,SP
024ae08edb07b933f90cf66233749218,81c5508443d1757da23b2b3d5f69fad5,71615,brasilia,DF
024aee4bf3ee8fc406d58b5c47e18578,c91f28d2897be83bf943056ef4cf252e,99260,casca,RS
024c5e8dc02a1cd8856a7f257bd98844,de25b230e97531bd3c3890ed4f01a607,88131,palhoca,SC
024d9375532751f84d5bb83ac936b3f8,c9d749b8bec5051db8a1d50a7a9f261e,81730,curitiba,PR
024dad8e71332c433bc9a494565b9c49,312ca503ca7b19889f1db32cd18cb120,58415,"campina grande",PB
024f63965c192d99e1da51a1c3516239,f52f0e2afa2ce6c39854bd1ac2a355f6,11443,guaruja,SP
024fb58b51f34a34fad7a533363f0c93,0c755a283d5e37c2f0509c7964c4278d,38184,araxa,MG
02502a29041f75b4982896ed8ca6e736,319df3f4e38c4bcf9e3bccd1bb504bdc,61760,eusebio,CE
025247dee36960e70666880b8073e582,05d1983f756f88c02430157372fc1402,21775,"rio de janeiro",RJ
0253a59a3f1b966f4ef92ee44336e585,6f070c196a22f70ff35e9a2fb5f94b47,91430,"porto alegre",RS
0253cea0ff18bf585307f88ea4fbd5ab,161a24b37c2040a1a6cba28e417684b0,15720,"palmeira d'oeste",SP
02548f54167adc674352fe5b7825ffcf,93541741ba99116c5cf5773312eff953,78080,cuiaba,MT
0254fef29444edf8ad023adf1baac1bd,08e5b38d7948d37fbb2a59fc5e175ab1,58043,"joao pessoa",PB
02554a34cc5ba2d5e8908cb7468aec7c,28935e1d8a60128ac5940dbaecacbece,11750,peruibe,SP
0255d676d127593a7c65526306a29c36,5f707d7609ed9d2779f15602fed42557,13635,pirassununga,SP
02565e515373d4e26cf406ab3fa5ed0b,728a6d33a49056c796fc4fc0481bf871,13347,indaiatuba,SP
025868b2a0b2c0cad5e68c7762074892,9bd9da79f0355157190afe3d551274dc,14790,guaira,SP
0258af3a8301a7331edc8ba02da35b7c,38fb5f8b5cffb733ba60c32cbb6e80f3,60811,fortaleza,CE
0258b86016655dffa67ff624a6f76130,2e48db33cae072a2306535cb04780dfc,28990,saquarema,RJ
0259f74450d401ec64f87ad25aeab874,c62fa0930905139e2a2f0f8f34fdc302,17047,bauru,SP
025a13782125f9ee98dd321dc97e23ee,dee58c6a92fc6faac93d98a786f683e7,7750,cajamar,SP
025aacb42b2bf1b72a848fa69a0a6a96,ba8bced49158b78f0a5df3edab1d4668,12242,"sao jose dos campos",SP
025c2b263a9a9247f855c0c777aabe33,a59a677187d1abced1c2c926364c76c4,75834,mineiros,GO
025c7748c7e2160365a967df3933447e,da2c992332b995581ced04ecfa3af199,98400,"frederico westphalen",RS
025ce7b097bd128c2d494aeac94d62ea,8485723ea4c23f245f2bad68833199ae,13157,cosmopolis,SP
025d5d5b392ca0924d3f47a286fe474f,1322f4f08ee126888c52044389540e3a,16900,andradina,SP
025dc05e57480935ecde93b27e3c283d,95638fd4dc72dcc7800e9303a073c38d,8615,suzano,SP
025e01e99753ddcfbac7a2921ac8d3fc,f3e2da737b0d196bb8de56b4b0ace06b,61760,eusebio,CE
025ede66ec5d6ac9bbb393875dd71fa5,17999c371b226d98242c95e006c22e3d,47520,ibotirama,BA
0260bd7b3bf780786cc7ad501287d9d3,eb3095983a1fd67f85ebea5f5db3a52c,94110,gravatai,RS
02611d7a9e40004ce72c2006dca2d7a9,d5033f43697620e234c3f34f3ab66872,14403,franca,SP
026134c333097d60a052ab271aa99159,0398b8575daf8b69af233f7b7c39fb02,28200,"sao joao da barra",RJ
02625456293ab29f0b11a84835a8c0ab,570eb70ff97166b85ea96be3bfb65fef,31930,"belo horizonte",MG
02628c7e9eed8af6043c70257a7a87c1,39cf8faf26661df0e27872cb60f9bb50,89086,indaial,SC
026378e6d9977bf974a1ebe64f92cfee,2392a29dadcfcc7ce192ebadaa11a27e,8050,"sao paulo",SP
0263aeaed91e6e4375aa412acecf9c79,71cb999c1d32266779aeffeb851ef99f,2349,"sao paulo",SP
026460d9e7ce66ec77d827eaef2bb898,d339e8958b62f51b4c9e5995879829b9,65071,"sao luis",MA
0264bbda6bd6492c79a5843f7c2e1eb4,7dea8532b362518e0bf338eafdab0131,1024,"sao paulo",SP
0264f4e581481a3f01d4f341d38a46ed,44f4209da2cfe8bdaa9072ac8a80858a,90470,"porto alegre",RS
0266506e68e7eac1c7f726da057c28a9,3341514b8049f4a268e4188fb0211d34,3127,"sao paulo",SP
0267014fb8a135227a57b7eb87cdbc99,325e1a16d6f6a7182db58f1e7e7e36a0,89068,blumenau,SC
0267501c086535d9c9babc4a39cc63cd,6210dedb542a2b9b7b15eee10ef1ac14,59124,natal,RN
0268654157b95bbfcb8cc3622adc9c8a,767f1a70a46e047081b60f94134d7d7a,88034,florianopolis,SC
026953f1072329fc12fa80eb8930848a,eca1ebae41af684518cd750c2129a2b2,99072,"passo fundo",RS
026adcb56c849c792db0ca91cf43a236,cf1a6c25251efa363ecba381487d054b,4043,"sao paulo",SP
026ae2477af95b832998d23578eb4336,972a82354438a79c4b859515df4148ae,24210,niteroi,RJ
026b1c08479645291d284443a15d8c93,f1c08d13b8520a6efa197627fada3a56,95995,arvorezinha,RS
026bfde40abfbefc0a23ce6856a9b3f3,94694711948ad597542ec300073f7239,7124,guarulhos,SP
026ca919d538ee454a6d43fc8bd01de0,018b5a7502c30eb5f230f1b4eb23a156,74936,"aparecida de goiania",GO
026cbd2abdef48032f42084a8ec122fe,1e179463eb899c3b6f768d4934865c5f,70762,brasilia,DF
026eefd00c7aeffb5427f54dd51b6894,97baac352df09695ba2b2b56632ea149,1243,"sao paulo",SP
027021c1f6351f20d4e78a9dc829459d,e86c0a922a824087343f6b62fe97f673,36130,"rio preto",MG
0270aff4097536e634627aba39320083,0eb8bd13314de6064ddf446b816612c2,35060,"governador valadares",MG
027173ae64ea4eb32139b3205e7e02c0,147e1d1ed0aea7d16d7be3e2ed88cf4b,4863,"sao paulo",SP
0272a0e26ecc9271a51cd41921623e92,16af9e34606212a873516601252d28eb,28891,"rio das ostras",RJ
02731f7e9105dec7fc7fa715ccd821b3,6517822823bf509a5dd294d5cd69a829,29055,vitoria,ES
0273345e320539cc7bf1f6469b2fa34d,32abc7be8597ca79733508abb1db86c9,15046,"sao jose do rio preto",SP
02735ed0fa102eb7d85ff54982e7905a,a094910c1933dcb019f14b2cbd8e89b5,78005,cuiaba,MT
027366c552ba033496aceb34187f01d6,f9e6cc68a7ec921e4c357710d6f19a57,22470,"rio de janeiro",RJ
0273ad500c7050a14ee1d5a79d558605,0b7bb644290878dd22d99f756a5f9eb3,14406,franca,SP
02741679e7e1336202c883c695beea16,0d7599cdcbd5417a51a18fd6e244bedf,13050,campinas,SP
02745d8d4ad97eb190c4939c5df1c3c5,a8333c0243253bb6d89193af79807384,38402,uberlandia,MG
0275161cf1fc69fd8f5412ba423a3004,a3ec147258387f5e0fa36bcc438dc265,2802,"sao paulo",SP
02752ad42b3d725c49a1194731564a0a,a9d11922783fc20e62740e6126b47c26,28995,saquarema,RJ
02754b1e0a87a51622b4a49cdac7cadf,d3fc34ba9517a510bc470a95c0207cbc,51190,recife,PE
027590bb7df3dde4fa756d6e9e65bbed,ce3454a057ec309895256cb2ab5cf7b3,39960,jequitinhonha,MG
027711a554ce14c4bebd4af3bb803101,cb283dda3f78ae86c68270c57737334d,25820,"tres rios",RJ
0277bd798b42071cb092b1795dbae947,6f3f49fc855f386bf0f737c9d84995dc,21557,"rio de janeiro",RJ
0277e884f6fcd7d9610836744bc7e8a5,70f9736b687cf33ed2b9d8942eacb498,81220,curitiba,PR
0278a505d18fa47752b1eab567f3427d,b9c0e247b0c00a60e53caaed79e7bba9,38282,alexandrita,MG
027976d448887bd81535c3328efc075c,54378d078a93d05ccc63f1969c9b0deb,75250,"senador canedo",GO
027a044faafdafcaf3956c9e2cfbe69b,3669d77f53c5334085b4582649737f08,3584,"sao paulo",SP
027a90872a3f917170f2e2b912363e88,c499f46cfaa21b18442da5fd70b6115f,13049,campinas,SP
027add44cacfb209b0018c5aefbbcf02,d8b54eedf839e36b673eab3cc82d2598,13835,conchal,SP
027ae9ecc616da8c33d137a1d7e40f0a,136a29b51ffc988d91796134413911d7,31515,"belo horizonte",MG
027b997d6d188683680b85d8395c6a9a,146d150a30a6b676706908054a09a17f,24435,"sao goncalo",RJ
027c4c1a7778f45a3c7837db8144b65c,c73b45592359a5b6a1a116d26c1c4e68,14065,"ribeirao preto",SP
027e8c3fbdb7694e9b0824865a13388f,151f3b0207ea2247b72617be036ba291,38400,uberlandia,MG
027ece8189c0d8b1d3b543676aa81a9c,82d328834d8318d50237978464defb0e,38407,uberlandia,MG
027efc2251512b9150aceb9a5e5b7f53,9e8876439507a7c603809927dd6ef09d,88303,itajai,SC
027f4567829d2f2249e5adeb315bdda4,8e590b80243c5491146a525d04eb40d9,89217,joinville,SC
027f4c7bfb93550c488b03e3eb14e5da,57086e0cbfd1043970a067d8affe54f6,2951,"sao paulo",SP
027f4d228b15f41c385c367b137f425e,495f005aabbf7f43683c66610fdb8c1e,9370,maua,SP
0280e2736a179aa87a59447236a797fa,1c61833a5bbe555d71990cf46c3ccd2b,13313,itu,SP
0280ead6134bfe639866306f1f0258ab,8f97b730f3d6799a318cc4a245075144,1248,"sao paulo",SP
0281f03348b06722b7e0f92455daafd4,926c047356935ed05cb3fbee9ebcac0b,88330,"balneario camboriu",SC
02822ed21b96d3da2f2b7acad6b0d9e0,efaa0b80003d61de4b33e5e69689ab3b,38745,patrocinio,MG
